section,table_name,name,details
00_EXTENSION,pg_stat_statements,configuration,"{""owner"": ""postgres"", ""schema"": ""extensions"", ""version"": ""1.11"", ""description"": ""track planning and execution statistics of all SQL statements executed"", ""relocatable"": true}"
00_EXTENSION,pgcrypto,configuration,"{""owner"": ""postgres"", ""schema"": ""extensions"", ""version"": ""1.3"", ""description"": ""cryptographic functions"", ""relocatable"": true}"
00_EXTENSION,plpgsql,configuration,"{""owner"": ""supabase_admin"", ""schema"": ""pg_catalog"", ""version"": ""1.0"", ""description"": ""PL/pgSQL procedural language"", ""relocatable"": false}"
00_EXTENSION,supabase_vault,configuration,"{""owner"": ""supabase_admin"", ""schema"": ""vault"", ""version"": ""0.3.1"", ""description"": ""Supabase Vault Extension"", ""relocatable"": false}"
00_EXTENSION,uuid-ossp,configuration,"{""owner"": ""postgres"", ""schema"": ""extensions"", ""version"": ""1.1"", ""description"": ""generate universally unique identifiers (UUIDs)"", ""relocatable"": true}"
01_ENUM,wallet_transaction_status,definition,"{""oid"": ""21344"", ""owner"": ""postgres"", ""schema"": ""public"", ""values"": [""pending"", ""completed"", ""failed"", ""reversed""], ""value_count"": 4}"
01_ENUM,wallet_transaction_type,definition,"{""oid"": ""21324"", ""owner"": ""postgres"", ""schema"": ""public"", ""values"": [""trip_earning"", ""trip_payment"", ""withdrawal"", ""withdrawal_refund"", ""top_up"", ""refund"", ""bonus"", ""penalty"", ""adjustment""], ""value_count"": 9}"
01_ENUM,withdrawal_method,definition,"{""oid"": ""21368"", ""owner"": ""postgres"", ""schema"": ""public"", ""values"": [""bank_transfer"", ""vodafone_cash"", ""instapay"", ""orange_money""], ""value_count"": 4}"
01_ENUM,withdrawal_status,definition,"{""oid"": ""21354"", ""owner"": ""postgres"", ""schema"": ""public"", ""values"": [""pending"", ""approved"", ""processing"", ""completed"", ""rejected"", ""cancelled""], ""value_count"": 6}"
05_COLUMN,admin_logs,id,"{""type"": {""udt_name"": ""uuid"", ""data_type"": ""uuid"", ""numeric_scale"": null, ""char_max_length"": null, ""numeric_precision"": null}, ""default"": ""gen_random_uuid()"", ""identity"": null, ""nullable"": false, ""position"": 1, ""generated"": null, ""statistics"": {""correlation"": 0.0000, ""avg_width_bytes"": 0, ""distinct_values"": 0.00, ""null_fraction_pct"": 0.00, ""most_common_values"": null}, ""description"": null}"
05_COLUMN,complaints,id,"{""type"": {""udt_name"": ""uuid"", ""data_type"": ""uuid"", ""numeric_scale"": null, ""char_max_length"": null, ""numeric_precision"": null}, ""default"": ""gen_random_uuid()"", ""identity"": null, ""nullable"": false, ""position"": 1, ""generated"": null, ""statistics"": {""correlation"": 0.0000, ""avg_width_bytes"": 0, ""distinct_values"": 0.00, ""null_fraction_pct"": 0.00, ""most_common_values"": null}, ""description"": null}"
05_COLUMN,coupon_usages,id,"{""type"": {""udt_name"": ""uuid"", ""data_type"": ""uuid"", ""numeric_scale"": null, ""char_max_length"": null, ""numeric_precision"": null}, ""default"": ""gen_random_uuid()"", ""identity"": null, ""nullable"": false, ""position"": 1, ""generated"": null, ""statistics"": {""correlation"": 0.0000, ""avg_width_bytes"": 0, ""distinct_values"": 0.00, ""null_fraction_pct"": 0.00, ""most_common_values"": null}, ""description"": null}"
05_COLUMN,coupons,id,"{""type"": {""udt_name"": ""uuid"", ""data_type"": ""uuid"", ""numeric_scale"": null, ""char_max_length"": null, ""numeric_precision"": null}, ""default"": ""gen_random_uuid()"", ""identity"": null, ""nullable"": false, ""position"": 1, ""generated"": null, ""statistics"": {""correlation"": 0.0000, ""avg_width_bytes"": 0, ""distinct_values"": 0.00, ""null_fraction_pct"": 0.00, ""most_common_values"": null}, ""description"": null}"
05_COLUMN,driver_locations,id,"{""type"": {""udt_name"": ""uuid"", ""data_type"": ""uuid"", ""numeric_scale"": null, ""char_max_length"": null, ""numeric_precision"": null}, ""default"": ""gen_random_uuid()"", ""identity"": null, ""nullable"": false, ""position"": 1, ""generated"": null, ""statistics"": {""correlation"": -1.0000, ""avg_width_bytes"": 16, ""distinct_values"": -1.00, ""null_fraction_pct"": 0.00, ""most_common_values"": null}, ""description"": null}"
05_COLUMN,driver_revision_requests,id,"{""type"": {""udt_name"": ""uuid"", ""data_type"": ""uuid"", ""numeric_scale"": null, ""char_max_length"": null, ""numeric_precision"": null}, ""default"": ""gen_random_uuid()"", ""identity"": null, ""nullable"": false, ""position"": 1, ""generated"": null, ""statistics"": {""correlation"": 0.0000, ""avg_width_bytes"": 0, ""distinct_values"": 0.00, ""null_fraction_pct"": 0.00, ""most_common_values"": null}, ""description"": null}"
05_COLUMN,driver_wallets,id,"{""type"": {""udt_name"": ""uuid"", ""data_type"": ""uuid"", ""numeric_scale"": null, ""char_max_length"": null, ""numeric_precision"": null}, ""default"": null, ""identity"": null, ""nullable"": false, ""position"": 1, ""generated"": null, ""statistics"": {""correlation"": 0.0000, ""avg_width_bytes"": 0, ""distinct_values"": 0.00, ""null_fraction_pct"": 0.00, ""most_common_values"": null}, ""description"": null}"
05_COLUMN,drivers_profile,id,"{""type"": {""udt_name"": ""uuid"", ""data_type"": ""uuid"", ""numeric_scale"": null, ""char_max_length"": null, ""numeric_precision"": null}, ""default"": null, ""identity"": null, ""nullable"": false, ""position"": 1, ""generated"": null, ""statistics"": {""correlation"": 0.5000, ""avg_width_bytes"": 16, ""distinct_values"": -1.00, ""null_fraction_pct"": 0.00, ""most_common_values"": null}, ""description"": null}"
05_COLUMN,messages,id,"{""type"": {""udt_name"": ""uuid"", ""data_type"": ""uuid"", ""numeric_scale"": null, ""char_max_length"": null, ""numeric_precision"": null}, ""default"": ""gen_random_uuid()"", ""identity"": null, ""nullable"": false, ""position"": 1, ""generated"": null, ""statistics"": {""correlation"": 0.0000, ""avg_width_bytes"": 0, ""distinct_values"": 0.00, ""null_fraction_pct"": 0.00, ""most_common_values"": null}, ""description"": null}"
05_COLUMN,messages,id,"{""type"": {""udt_name"": ""uuid"", ""data_type"": ""uuid"", ""numeric_scale"": null, ""char_max_length"": null, ""numeric_precision"": null}, ""default"": ""gen_random_uuid()"", ""identity"": null, ""nullable"": false, ""position"": 1, ""generated"": null, ""statistics"": {""correlation"": 0.0000, ""avg_width_bytes"": 0, ""distinct_values"": 0.00, ""null_fraction_pct"": 0.00, ""most_common_values"": null}, ""description"": null}"
05_COLUMN,notifications,id,"{""type"": {""udt_name"": ""uuid"", ""data_type"": ""uuid"", ""numeric_scale"": null, ""char_max_length"": null, ""numeric_precision"": null}, ""default"": ""gen_random_uuid()"", ""identity"": null, ""nullable"": false, ""position"": 1, ""generated"": null, ""statistics"": {""correlation"": 0.0000, ""avg_width_bytes"": 0, ""distinct_values"": 0.00, ""null_fraction_pct"": 0.00, ""most_common_values"": null}, ""description"": null}"
05_COLUMN,pricing_config,id,"{""type"": {""udt_name"": ""uuid"", ""data_type"": ""uuid"", ""numeric_scale"": null, ""char_max_length"": null, ""numeric_precision"": null}, ""default"": ""gen_random_uuid()"", ""identity"": null, ""nullable"": false, ""position"": 1, ""generated"": null, ""statistics"": {""correlation"": 0.0000, ""avg_width_bytes"": 0, ""distinct_values"": 0.00, ""null_fraction_pct"": 0.00, ""most_common_values"": null}, ""description"": null}"
05_COLUMN,ratings,id,"{""type"": {""udt_name"": ""uuid"", ""data_type"": ""uuid"", ""numeric_scale"": null, ""char_max_length"": null, ""numeric_precision"": null}, ""default"": ""gen_random_uuid()"", ""identity"": null, ""nullable"": false, ""position"": 1, ""generated"": null, ""statistics"": {""correlation"": 0.0000, ""avg_width_bytes"": 0, ""distinct_values"": 0.00, ""null_fraction_pct"": 0.00, ""most_common_values"": null}, ""description"": null}"
05_COLUMN,support_messages,id,"{""type"": {""udt_name"": ""uuid"", ""data_type"": ""uuid"", ""numeric_scale"": null, ""char_max_length"": null, ""numeric_precision"": null}, ""default"": ""gen_random_uuid()"", ""identity"": null, ""nullable"": false, ""position"": 1, ""generated"": null, ""statistics"": {""correlation"": 0.0000, ""avg_width_bytes"": 16, ""distinct_values"": -1.00, ""null_fraction_pct"": 0.00, ""most_common_values"": null}, ""description"": null}"
05_COLUMN,trip_offers,id,"{""type"": {""udt_name"": ""uuid"", ""data_type"": ""uuid"", ""numeric_scale"": null, ""char_max_length"": null, ""numeric_precision"": null}, ""default"": ""gen_random_uuid()"", ""identity"": null, ""nullable"": false, ""position"": 1, ""generated"": null, ""statistics"": {""correlation"": 0.1583, ""avg_width_bytes"": 16, ""distinct_values"": -1.00, ""null_fraction_pct"": 0.00, ""most_common_values"": null}, ""description"": null}"
05_COLUMN,trips,id,"{""type"": {""udt_name"": ""uuid"", ""data_type"": ""uuid"", ""numeric_scale"": null, ""char_max_length"": null, ""numeric_precision"": null}, ""default"": ""gen_random_uuid()"", ""identity"": null, ""nullable"": false, ""position"": 1, ""generated"": null, ""statistics"": {""correlation"": -0.0752, ""avg_width_bytes"": 16, ""distinct_values"": -1.00, ""null_fraction_pct"": 0.00, ""most_common_values"": null}, ""description"": null}"
05_COLUMN,user_coupons,id,"{""type"": {""udt_name"": ""uuid"", ""data_type"": ""uuid"", ""numeric_scale"": null, ""char_max_length"": null, ""numeric_precision"": null}, ""default"": ""gen_random_uuid()"", ""identity"": null, ""nullable"": false, ""position"": 1, ""generated"": null, ""statistics"": {""correlation"": 0.0000, ""avg_width_bytes"": 0, ""distinct_values"": 0.00, ""null_fraction_pct"": 0.00, ""most_common_values"": null}, ""description"": null}"
05_COLUMN,user_presence,user_id,"{""type"": {""udt_name"": ""uuid"", ""data_type"": ""uuid"", ""numeric_scale"": null, ""char_max_length"": null, ""numeric_precision"": null}, ""default"": null, ""identity"": null, ""nullable"": false, ""position"": 1, ""generated"": null, ""statistics"": {""correlation"": -1.0000, ""avg_width_bytes"": 16, ""distinct_values"": -1.00, ""null_fraction_pct"": 0.00, ""most_common_values"": null}, ""description"": null}"
05_COLUMN,user_wallets,id,"{""type"": {""udt_name"": ""uuid"", ""data_type"": ""uuid"", ""numeric_scale"": null, ""char_max_length"": null, ""numeric_precision"": null}, ""default"": null, ""identity"": null, ""nullable"": false, ""position"": 1, ""generated"": null, ""statistics"": {""correlation"": 0.0000, ""avg_width_bytes"": 0, ""distinct_values"": 0.00, ""null_fraction_pct"": 0.00, ""most_common_values"": null}, ""description"": null}"
05_COLUMN,users,id,"{""type"": {""udt_name"": ""uuid"", ""data_type"": ""uuid"", ""numeric_scale"": null, ""char_max_length"": null, ""numeric_precision"": null}, ""default"": null, ""identity"": null, ""nullable"": false, ""position"": 1, ""generated"": null, ""statistics"": {""correlation"": 0.3929, ""avg_width_bytes"": 16, ""distinct_values"": -1.00, ""null_fraction_pct"": 0.00, ""most_common_values"": null}, ""description"": null}"
05_COLUMN,users,id,"{""type"": {""udt_name"": ""uuid"", ""data_type"": ""uuid"", ""numeric_scale"": null, ""char_max_length"": null, ""numeric_precision"": null}, ""default"": null, ""identity"": null, ""nullable"": false, ""position"": 1, ""generated"": null, ""statistics"": {""correlation"": 0.3929, ""avg_width_bytes"": 16, ""distinct_values"": -1.00, ""null_fraction_pct"": 0.00, ""most_common_values"": null}, ""description"": null}"
05_COLUMN,vehicle_types,id,"{""type"": {""udt_name"": ""uuid"", ""data_type"": ""uuid"", ""numeric_scale"": null, ""char_max_length"": null, ""numeric_precision"": null}, ""default"": ""gen_random_uuid()"", ""identity"": null, ""nullable"": false, ""position"": 1, ""generated"": null, ""statistics"": {""correlation"": 1.0000, ""avg_width_bytes"": 16, ""distinct_values"": -1.00, ""null_fraction_pct"": 0.00, ""most_common_values"": null}, ""description"": null}"
05_COLUMN,wallet_transactions,id,"{""type"": {""udt_name"": ""uuid"", ""data_type"": ""uuid"", ""numeric_scale"": null, ""char_max_length"": null, ""numeric_precision"": null}, ""default"": ""gen_random_uuid()"", ""identity"": null, ""nullable"": false, ""position"": 1, ""generated"": null, ""statistics"": {""correlation"": 0.0000, ""avg_width_bytes"": 0, ""distinct_values"": 0.00, ""null_fraction_pct"": 0.00, ""most_common_values"": null}, ""description"": null}"
05_COLUMN,withdrawal_requests,id,"{""type"": {""udt_name"": ""uuid"", ""data_type"": ""uuid"", ""numeric_scale"": null, ""char_max_length"": null, ""numeric_precision"": null}, ""default"": ""gen_random_uuid()"", ""identity"": null, ""nullable"": false, ""position"": 1, ""generated"": null, ""statistics"": {""correlation"": 0.0000, ""avg_width_bytes"": 0, ""distinct_values"": 0.00, ""null_fraction_pct"": 0.00, ""most_common_values"": null}, ""description"": null}"
02_TABLE_META,admin_logs,storage_info,"{""rows"": {""dead"": 0, ""live"": 0, ""estimated"": -1}, ""owner"": ""postgres"", ""storage"": {""index_size"": ""24 kB"", ""table_size"": ""0 bytes"", ""toast_size"": ""8192 bytes"", ""total_size"": ""32 kB"", ""total_bytes"": 32768}, ""fillfactor"": ""100"", ""operations"": {""deletes"": 0, ""inserts"": 0, ""updates"": 0, ""hot_updates"": 0}, ""rls_forced"": false, ""description"": ""Audit trail for admin actions.\n   INSERT policy changed from public WITH CHECK true to service_role only.\n   This prevents unauthenticated users from injecting fake audit logs."", ""maintenance"": {""last_vacuum"": null, ""last_analyze"": null, ""vacuum_count"": 0, ""analyze_count"": 0, ""last_autovacuum"": null}, ""rls_enabled"": true, ""bloat_percentage"": null}"
02_TABLE_META,complaints,storage_info,"{""rows"": {""dead"": 0, ""live"": 0, ""estimated"": -1}, ""owner"": ""postgres"", ""storage"": {""index_size"": ""16 kB"", ""table_size"": ""0 bytes"", ""toast_size"": ""8192 bytes"", ""total_size"": ""24 kB"", ""total_bytes"": 24576}, ""fillfactor"": ""100"", ""operations"": {""deletes"": 0, ""inserts"": 0, ""updates"": 0, ""hot_updates"": 0}, ""rls_forced"": false, ""description"": ""No description"", ""maintenance"": {""last_vacuum"": null, ""last_analyze"": null, ""vacuum_count"": 0, ""analyze_count"": 0, ""last_autovacuum"": null}, ""rls_enabled"": true, ""bloat_percentage"": null}"
02_TABLE_META,coupon_usages,storage_info,"{""rows"": {""dead"": 0, ""live"": 0, ""estimated"": -1}, ""owner"": ""postgres"", ""storage"": {""index_size"": ""16 kB"", ""table_size"": ""0 bytes"", ""toast_size"": ""0 bytes"", ""total_size"": ""16 kB"", ""total_bytes"": 16384}, ""fillfactor"": ""100"", ""operations"": {""deletes"": 0, ""inserts"": 0, ""updates"": 0, ""hot_updates"": 0}, ""rls_forced"": false, ""description"": ""No description"", ""maintenance"": {""last_vacuum"": null, ""last_analyze"": null, ""vacuum_count"": 0, ""analyze_count"": 0, ""last_autovacuum"": null}, ""rls_enabled"": true, ""bloat_percentage"": null}"
02_TABLE_META,coupons,storage_info,"{""rows"": {""dead"": 0, ""live"": 0, ""estimated"": -1}, ""owner"": ""postgres"", ""storage"": {""index_size"": ""24 kB"", ""table_size"": ""0 bytes"", ""toast_size"": ""0 bytes"", ""total_size"": ""24 kB"", ""total_bytes"": 24576}, ""fillfactor"": ""100"", ""operations"": {""deletes"": 0, ""inserts"": 0, ""updates"": 0, ""hot_updates"": 0}, ""rls_forced"": false, ""description"": ""No description"", ""maintenance"": {""last_vacuum"": null, ""last_analyze"": null, ""vacuum_count"": 0, ""analyze_count"": 0, ""last_autovacuum"": null}, ""rls_enabled"": true, ""bloat_percentage"": null}"
02_TABLE_META,driver_locations,storage_info,"{""rows"": {""dead"": 3, ""live"": 2, ""estimated"": 2}, ""owner"": ""postgres"", ""storage"": {""index_size"": ""64 kB"", ""table_size"": ""8192 bytes"", ""toast_size"": ""0 bytes"", ""total_size"": ""104 kB"", ""total_bytes"": 106496}, ""fillfactor"": ""70"", ""operations"": {""deletes"": 0, ""inserts"": 4, ""updates"": 438, ""hot_updates"": 0}, ""rls_forced"": false, ""description"": ""No description"", ""maintenance"": {""last_vacuum"": null, ""last_analyze"": null, ""vacuum_count"": 0, ""analyze_count"": 0, ""last_autovacuum"": ""2026-05-05T00:07:58.451114+00:00""}, ""rls_enabled"": true, ""bloat_percentage"": 60.00}"
02_TABLE_META,driver_revision_requests,storage_info,"{""rows"": {""dead"": 0, ""live"": 0, ""estimated"": -1}, ""owner"": ""postgres"", ""storage"": {""index_size"": ""16 kB"", ""table_size"": ""0 bytes"", ""toast_size"": ""8192 bytes"", ""total_size"": ""24 kB"", ""total_bytes"": 24576}, ""fillfactor"": ""100"", ""operations"": {""deletes"": 0, ""inserts"": 0, ""updates"": 0, ""hot_updates"": 0}, ""rls_forced"": false, ""description"": ""No description"", ""maintenance"": {""last_vacuum"": null, ""last_analyze"": null, ""vacuum_count"": 0, ""analyze_count"": 0, ""last_autovacuum"": null}, ""rls_enabled"": true, ""bloat_percentage"": null}"
02_TABLE_META,driver_wallets,storage_info,"{""rows"": {""dead"": 0, ""live"": 3, ""estimated"": -1}, ""owner"": ""postgres"", ""storage"": {""index_size"": ""16 kB"", ""table_size"": ""8192 bytes"", ""toast_size"": ""0 bytes"", ""total_size"": ""24 kB"", ""total_bytes"": 24576}, ""fillfactor"": ""100"", ""operations"": {""deletes"": 0, ""inserts"": 3, ""updates"": 0, ""hot_updates"": 0}, ""rls_forced"": false, ""description"": ""No description"", ""maintenance"": {""last_vacuum"": null, ""last_analyze"": null, ""vacuum_count"": 0, ""analyze_count"": 0, ""last_autovacuum"": null}, ""rls_enabled"": true, ""bloat_percentage"": 0.00}"
02_TABLE_META,drivers_profile,storage_info,"{""rows"": {""dead"": 0, ""live"": 3, ""estimated"": 3}, ""owner"": ""postgres"", ""storage"": {""index_size"": ""48 kB"", ""table_size"": ""8192 bytes"", ""toast_size"": ""8192 bytes"", ""total_size"": ""96 kB"", ""total_bytes"": 98304}, ""fillfactor"": ""80"", ""operations"": {""deletes"": 0, ""inserts"": 10, ""updates"": 992, ""hot_updates"": 580}, ""rls_forced"": false, ""description"": ""Extended driver profile linked 1-to-1 with users table via id FK.\n   WARNING: 66.67% of drivers have NULL geohash and geohash5.\n   get_nearby_drivers() searches by geohash prefix — only 1 in 3\n   drivers will be found. Ensure geohash is populated on driver\n   location updates (check user_presence_service.dart)."", ""maintenance"": {""last_vacuum"": null, ""last_analyze"": ""2026-04-28T21:57:58.004261+00:00"", ""vacuum_count"": 0, ""analyze_count"": 4, ""last_autovacuum"": ""2026-05-05T10:07:10.608554+00:00""}, ""rls_enabled"": true, ""bloat_percentage"": 0.00}"
02_TABLE_META,messages,storage_info,"{""rows"": {""dead"": 0, ""live"": 0, ""estimated"": 0}, ""owner"": ""postgres"", ""storage"": {""index_size"": ""24 kB"", ""table_size"": ""0 bytes"", ""toast_size"": ""8192 bytes"", ""total_size"": ""32 kB"", ""total_bytes"": 32768}, ""fillfactor"": ""100"", ""operations"": {""deletes"": 0, ""inserts"": 0, ""updates"": 0, ""hot_updates"": 0}, ""rls_forced"": false, ""description"": ""Trip chat messages between user and driver.\n   RLS hardened: All policies now require authenticated role.\n   \""Users can send messages\"" INSERT policy changed from public to authenticated."", ""maintenance"": {""last_vacuum"": null, ""last_analyze"": ""2026-04-28T21:57:58.006445+00:00"", ""vacuum_count"": 0, ""analyze_count"": 4, ""last_autovacuum"": null}, ""rls_enabled"": true, ""bloat_percentage"": null}"
02_TABLE_META,notifications,storage_info,"{""rows"": {""dead"": 0, ""live"": 0, ""estimated"": 0}, ""owner"": ""postgres"", ""storage"": {""index_size"": ""32 kB"", ""table_size"": ""0 bytes"", ""toast_size"": ""8192 bytes"", ""total_size"": ""40 kB"", ""total_bytes"": 40960}, ""fillfactor"": ""100"", ""operations"": {""deletes"": 0, ""inserts"": 0, ""updates"": 0, ""hot_updates"": 0}, ""rls_forced"": false, ""description"": ""User notifications for trip events, promos, system messages.\n   INSERT policy changed from public WITH CHECK true to service_role only.\n   This prevents unauthenticated users from injecting fake notifications.\n   Notification types: general, trip, promo, system, trip_offer,\n   offer_accepted, driver_arriving, trip_started, trip_completed,\n   trip_cancelled, no_drivers, new_message, account_verified."", ""maintenance"": {""last_vacuum"": null, ""last_analyze"": ""2026-04-28T21:57:58.0068+00:00"", ""vacuum_count"": 0, ""analyze_count"": 4, ""last_autovacuum"": null}, ""rls_enabled"": true, ""bloat_percentage"": null}"
02_TABLE_META,pricing_config,storage_info,"{""rows"": {""dead"": 0, ""live"": 0, ""estimated"": -1}, ""owner"": ""postgres"", ""storage"": {""index_size"": ""16 kB"", ""table_size"": ""0 bytes"", ""toast_size"": ""0 bytes"", ""total_size"": ""16 kB"", ""total_bytes"": 16384}, ""fillfactor"": ""100"", ""operations"": {""deletes"": 0, ""inserts"": 3, ""updates"": 5, ""hot_updates"": 5}, ""rls_forced"": false, ""description"": ""Standalone pricing config table (zero FK relationships).\n   App primarily uses vehicle_types for pricing.\n   Has 43 heap_blocks.hit — investigate via pg_stat_statements."", ""maintenance"": {""last_vacuum"": null, ""last_analyze"": null, ""vacuum_count"": 0, ""analyze_count"": 0, ""last_autovacuum"": null}, ""rls_enabled"": true, ""bloat_percentage"": null}"
02_TABLE_META,ratings,storage_info,"{""rows"": {""dead"": 0, ""live"": 2, ""estimated"": 1}, ""owner"": ""postgres"", ""storage"": {""index_size"": ""64 kB"", ""table_size"": ""8192 bytes"", ""toast_size"": ""8192 bytes"", ""total_size"": ""80 kB"", ""total_bytes"": 81920}, ""fillfactor"": ""100"", ""operations"": {""deletes"": 0, ""inserts"": 2, ""updates"": 0, ""hot_updates"": 0}, ""rls_forced"": false, ""description"": ""No description"", ""maintenance"": {""last_vacuum"": null, ""last_analyze"": null, ""vacuum_count"": 0, ""analyze_count"": 0, ""last_autovacuum"": null}, ""rls_enabled"": true, ""bloat_percentage"": 0.00}"
02_TABLE_META,support_messages,storage_info,"{""rows"": {""dead"": 0, ""live"": 1, ""estimated"": 1}, ""owner"": ""postgres"", ""storage"": {""index_size"": ""32 kB"", ""table_size"": ""8192 bytes"", ""toast_size"": ""8192 bytes"", ""total_size"": ""48 kB"", ""total_bytes"": 49152}, ""fillfactor"": ""100"", ""operations"": {""deletes"": 0, ""inserts"": 1, ""updates"": 0, ""hot_updates"": 0}, ""rls_forced"": false, ""description"": ""No description"", ""maintenance"": {""last_vacuum"": null, ""last_analyze"": ""2026-04-28T21:57:44.893283+00:00"", ""vacuum_count"": 0, ""analyze_count"": 2, ""last_autovacuum"": null}, ""rls_enabled"": true, ""bloat_percentage"": 0.00}"
02_TABLE_META,trip_offers,storage_info,"{""rows"": {""dead"": 7, ""live"": 63, ""estimated"": 60}, ""owner"": ""postgres"", ""storage"": {""index_size"": ""96 kB"", ""table_size"": ""8192 bytes"", ""toast_size"": ""0 bytes"", ""total_size"": ""136 kB"", ""total_bytes"": 139264}, ""fillfactor"": ""100"", ""operations"": {""deletes"": 0, ""inserts"": 63, ""updates"": 64, ""hot_updates"": 0}, ""rls_forced"": false, ""description"": ""No description"", ""maintenance"": {""last_vacuum"": null, ""last_analyze"": ""2026-04-28T21:57:58.006065+00:00"", ""vacuum_count"": 0, ""analyze_count"": 4, ""last_autovacuum"": ""2026-05-03T17:56:20.268596+00:00""}, ""rls_enabled"": true, ""bloat_percentage"": 10.00}"
02_TABLE_META,trips,storage_info,"{""rows"": {""dead"": 37, ""live"": 73, ""estimated"": 73}, ""owner"": ""postgres"", ""storage"": {""index_size"": ""136 kB"", ""table_size"": ""24 kB"", ""toast_size"": ""8192 bytes"", ""total_size"": ""200 kB"", ""total_bytes"": 204800}, ""fillfactor"": ""85"", ""operations"": {""deletes"": 0, ""inserts"": 98, ""updates"": 141, ""hot_updates"": 31}, ""rls_forced"": false, ""description"": ""Core trip lifecycle table.\n   Status flow: searching → accepted → in_progress → completed|cancelled.\n   Autovacuum tuned aggressively (scale_factor=0.01).\n   NOTE: Duplicate address columns exist from legacy design:\n     - pickup_address (NOT NULL, position 4) = origin_address (nullable, position 24)\n     - destination_address (NOT NULL, position 7) = dest_address (nullable, position 25)\n   The NOT NULL columns are the canonical ones used by Flutter.\n   The nullable legacy columns (origin_address, dest_address) should be\n   dropped once confirmed unused. idx_trips_origin_address and\n   idx_trips_dest_address are indexes on legacy columns.\n   Also has 9 columns at 100% NULL (payment_method, meeting_lat/lng/address,\n   accepted_at, started_at, user_rating_to_driver, driver_rating_to_user,\n   cancel_reason) — features designed but not yet implemented in Flutter."", ""maintenance"": {""last_vacuum"": null, ""last_analyze"": ""2026-04-28T21:57:58.005583+00:00"", ""vacuum_count"": 0, ""analyze_count"": 4, ""last_autovacuum"": ""2026-05-03T14:08:15.604644+00:00""}, ""rls_enabled"": true, ""bloat_percentage"": 33.64}"
02_TABLE_META,user_coupons,storage_info,"{""rows"": {""dead"": 0, ""live"": 0, ""estimated"": -1}, ""owner"": ""postgres"", ""storage"": {""index_size"": ""32 kB"", ""table_size"": ""0 bytes"", ""toast_size"": ""0 bytes"", ""total_size"": ""32 kB"", ""total_bytes"": 32768}, ""fillfactor"": ""100"", ""operations"": {""deletes"": 0, ""inserts"": 0, ""updates"": 0, ""hot_updates"": 0}, ""rls_forced"": false, ""description"": ""No description"", ""maintenance"": {""last_vacuum"": null, ""last_analyze"": null, ""vacuum_count"": 0, ""analyze_count"": 0, ""last_autovacuum"": null}, ""rls_enabled"": true, ""bloat_percentage"": null}"
02_TABLE_META,user_presence,storage_info,"{""rows"": {""dead"": 2, ""live"": 2, ""estimated"": 2}, ""owner"": ""postgres"", ""storage"": {""index_size"": ""16 kB"", ""table_size"": ""8192 bytes"", ""toast_size"": ""0 bytes"", ""total_size"": ""56 kB"", ""total_bytes"": 57344}, ""fillfactor"": ""70"", ""operations"": {""deletes"": 73, ""inserts"": 81, ""updates"": 21410, ""hot_updates"": 15253}, ""rls_forced"": false, ""description"": ""Ephemeral real-time presence tracking.\n   PK is user_id by design (intentional 1-to-1 per user).\n   Updated via upsert in user_presence_service.dart.\n   idx_user_presence_last_seen removed to enable HOT updates.\n   Consider UNLOGGED table or Redis at production scale."", ""maintenance"": {""last_vacuum"": null, ""last_analyze"": ""2026-04-28T21:57:58.002947+00:00"", ""vacuum_count"": 0, ""analyze_count"": 4, ""last_autovacuum"": ""2026-05-05T11:48:12.684293+00:00""}, ""rls_enabled"": true, ""bloat_percentage"": 50.00}"
02_TABLE_META,user_wallets,storage_info,"{""rows"": {""dead"": 0, ""live"": 4, ""estimated"": -1}, ""owner"": ""postgres"", ""storage"": {""index_size"": ""16 kB"", ""table_size"": ""8192 bytes"", ""toast_size"": ""0 bytes"", ""total_size"": ""24 kB"", ""total_bytes"": 24576}, ""fillfactor"": ""100"", ""operations"": {""deletes"": 0, ""inserts"": 4, ""updates"": 0, ""hot_updates"": 0}, ""rls_forced"": false, ""description"": ""No description"", ""maintenance"": {""last_vacuum"": null, ""last_analyze"": null, ""vacuum_count"": 0, ""analyze_count"": 0, ""last_autovacuum"": null}, ""rls_enabled"": true, ""bloat_percentage"": 0.00}"
02_TABLE_META,users,storage_info,"{""rows"": {""dead"": 8, ""live"": 7, ""estimated"": 7}, ""owner"": ""postgres"", ""storage"": {""index_size"": ""80 kB"", ""table_size"": ""8192 bytes"", ""toast_size"": ""8192 bytes"", ""total_size"": ""96 kB"", ""total_bytes"": 98304}, ""fillfactor"": ""100"", ""operations"": {""deletes"": 0, ""inserts"": 32, ""updates"": 52, ""hot_updates"": 52}, ""rls_forced"": false, ""description"": ""No description"", ""maintenance"": {""last_vacuum"": null, ""last_analyze"": ""2026-04-28T21:57:44.894342+00:00"", ""vacuum_count"": 0, ""analyze_count"": 2, ""last_autovacuum"": null}, ""rls_enabled"": true, ""bloat_percentage"": 53.33}"
02_TABLE_META,vehicle_types,storage_info,"{""rows"": {""dead"": 11, ""live"": 4, ""estimated"": 2}, ""owner"": ""postgres"", ""storage"": {""index_size"": ""32 kB"", ""table_size"": ""8192 bytes"", ""toast_size"": ""0 bytes"", ""total_size"": ""40 kB"", ""total_bytes"": 40960}, ""fillfactor"": ""100"", ""operations"": {""deletes"": 0, ""inserts"": 9, ""updates"": 14, ""hot_updates"": 14}, ""rls_forced"": false, ""description"": ""Vehicle type catalog with soft-delete via is_active column.\n   Referenced by trips.vehicle_type FK with ON DELETE RESTRICT.\n   Deactivate types by setting is_active=false instead of deleting."", ""maintenance"": {""last_vacuum"": null, ""last_analyze"": ""2026-04-28T21:57:44.897148+00:00"", ""vacuum_count"": 0, ""analyze_count"": 2, ""last_autovacuum"": null}, ""rls_enabled"": true, ""bloat_percentage"": 73.33}"
02_TABLE_META,wallet_transactions,storage_info,"{""rows"": {""dead"": 0, ""live"": 0, ""estimated"": -1}, ""owner"": ""postgres"", ""storage"": {""index_size"": ""8192 bytes"", ""table_size"": ""0 bytes"", ""toast_size"": ""8192 bytes"", ""total_size"": ""16 kB"", ""total_bytes"": 16384}, ""fillfactor"": ""100"", ""operations"": {""deletes"": 0, ""inserts"": 0, ""updates"": 0, ""hot_updates"": 0}, ""rls_forced"": false, ""description"": ""No description"", ""maintenance"": {""last_vacuum"": null, ""last_analyze"": null, ""vacuum_count"": 0, ""analyze_count"": 0, ""last_autovacuum"": null}, ""rls_enabled"": true, ""bloat_percentage"": null}"
02_TABLE_META,withdrawal_requests,storage_info,"{""rows"": {""dead"": 0, ""live"": 0, ""estimated"": -1}, ""owner"": ""postgres"", ""storage"": {""index_size"": ""16 kB"", ""table_size"": ""0 bytes"", ""toast_size"": ""8192 bytes"", ""total_size"": ""24 kB"", ""total_bytes"": 24576}, ""fillfactor"": ""100"", ""operations"": {""deletes"": 0, ""inserts"": 0, ""updates"": 0, ""hot_updates"": 0}, ""rls_forced"": false, ""description"": ""No description"", ""maintenance"": {""last_vacuum"": null, ""last_analyze"": null, ""vacuum_count"": 0, ""analyze_count"": 0, ""last_autovacuum"": null}, ""rls_enabled"": true, ""bloat_percentage"": null}"
05_COLUMN,admin_logs,admin_id,"{""type"": {""udt_name"": ""uuid"", ""data_type"": ""uuid"", ""numeric_scale"": null, ""char_max_length"": null, ""numeric_precision"": null}, ""default"": null, ""identity"": null, ""nullable"": false, ""position"": 2, ""generated"": null, ""statistics"": {""correlation"": 0.0000, ""avg_width_bytes"": 0, ""distinct_values"": 0.00, ""null_fraction_pct"": 0.00, ""most_common_values"": null}, ""description"": null}"
05_COLUMN,complaints,user_id,"{""type"": {""udt_name"": ""uuid"", ""data_type"": ""uuid"", ""numeric_scale"": null, ""char_max_length"": null, ""numeric_precision"": null}, ""default"": null, ""identity"": null, ""nullable"": false, ""position"": 2, ""generated"": null, ""statistics"": {""correlation"": 0.0000, ""avg_width_bytes"": 0, ""distinct_values"": 0.00, ""null_fraction_pct"": 0.00, ""most_common_values"": null}, ""description"": null}"
05_COLUMN,coupon_usages,trip_id,"{""type"": {""udt_name"": ""uuid"", ""data_type"": ""uuid"", ""numeric_scale"": null, ""char_max_length"": null, ""numeric_precision"": null}, ""default"": null, ""identity"": null, ""nullable"": false, ""position"": 2, ""generated"": null, ""statistics"": {""correlation"": 0.0000, ""avg_width_bytes"": 0, ""distinct_values"": 0.00, ""null_fraction_pct"": 0.00, ""most_common_values"": null}, ""description"": null}"
05_COLUMN,coupons,code,"{""type"": {""udt_name"": ""varchar"", ""data_type"": ""character varying"", ""numeric_scale"": null, ""char_max_length"": 50, ""numeric_precision"": null}, ""default"": null, ""identity"": null, ""nullable"": false, ""position"": 2, ""generated"": null, ""statistics"": {""correlation"": 0.0000, ""avg_width_bytes"": 0, ""distinct_values"": 0.00, ""null_fraction_pct"": 0.00, ""most_common_values"": null}, ""description"": null}"
05_COLUMN,driver_locations,driver_id,"{""type"": {""udt_name"": ""uuid"", ""data_type"": ""uuid"", ""numeric_scale"": null, ""char_max_length"": null, ""numeric_precision"": null}, ""default"": null, ""identity"": null, ""nullable"": false, ""position"": 2, ""generated"": null, ""statistics"": {""correlation"": -1.0000, ""avg_width_bytes"": 16, ""distinct_values"": -1.00, ""null_fraction_pct"": 0.00, ""most_common_values"": null}, ""description"": null}"
05_COLUMN,driver_revision_requests,driver_id,"{""type"": {""udt_name"": ""uuid"", ""data_type"": ""uuid"", ""numeric_scale"": null, ""char_max_length"": null, ""numeric_precision"": null}, ""default"": null, ""identity"": null, ""nullable"": false, ""position"": 2, ""generated"": null, ""statistics"": {""correlation"": 0.0000, ""avg_width_bytes"": 0, ""distinct_values"": 0.00, ""null_fraction_pct"": 0.00, ""most_common_values"": null}, ""description"": null}"
05_COLUMN,driver_wallets,balance,"{""type"": {""udt_name"": ""numeric"", ""data_type"": ""numeric"", ""numeric_scale"": 2, ""char_max_length"": null, ""numeric_precision"": 12}, ""default"": ""0"", ""identity"": null, ""nullable"": false, ""position"": 2, ""generated"": null, ""statistics"": {""correlation"": 0.0000, ""avg_width_bytes"": 0, ""distinct_values"": 0.00, ""null_fraction_pct"": 0.00, ""most_common_values"": null}, ""description"": null}"
05_COLUMN,drivers_profile,national_id,"{""type"": {""udt_name"": ""varchar"", ""data_type"": ""character varying"", ""numeric_scale"": null, ""char_max_length"": 50, ""numeric_precision"": null}, ""default"": null, ""identity"": null, ""nullable"": false, ""position"": 2, ""generated"": null, ""statistics"": {""correlation"": 0.5000, ""avg_width_bytes"": 15, ""distinct_values"": -1.00, ""null_fraction_pct"": 0.00, ""most_common_values"": null}, ""description"": null}"
05_COLUMN,messages,sender_id,"{""type"": {""udt_name"": ""uuid"", ""data_type"": ""uuid"", ""numeric_scale"": null, ""char_max_length"": null, ""numeric_precision"": null}, ""default"": null, ""identity"": null, ""nullable"": false, ""position"": 2, ""generated"": null, ""statistics"": {""correlation"": 0.0000, ""avg_width_bytes"": 0, ""distinct_values"": 0.00, ""null_fraction_pct"": 0.00, ""most_common_values"": null}, ""description"": null}"
05_COLUMN,messages,sender_id,"{""type"": {""udt_name"": ""uuid"", ""data_type"": ""uuid"", ""numeric_scale"": null, ""char_max_length"": null, ""numeric_precision"": null}, ""default"": null, ""identity"": null, ""nullable"": false, ""position"": 2, ""generated"": null, ""statistics"": {""correlation"": 0.0000, ""avg_width_bytes"": 0, ""distinct_values"": 0.00, ""null_fraction_pct"": 0.00, ""most_common_values"": null}, ""description"": null}"
05_COLUMN,notifications,user_id,"{""type"": {""udt_name"": ""uuid"", ""data_type"": ""uuid"", ""numeric_scale"": null, ""char_max_length"": null, ""numeric_precision"": null}, ""default"": null, ""identity"": null, ""nullable"": false, ""position"": 2, ""generated"": null, ""statistics"": {""correlation"": 0.0000, ""avg_width_bytes"": 0, ""distinct_values"": 0.00, ""null_fraction_pct"": 0.00, ""most_common_values"": null}, ""description"": null}"
05_COLUMN,pricing_config,vehicle_type,"{""type"": {""udt_name"": ""varchar"", ""data_type"": ""character varying"", ""numeric_scale"": null, ""char_max_length"": 50, ""numeric_precision"": null}, ""default"": null, ""identity"": null, ""nullable"": false, ""position"": 2, ""generated"": null, ""statistics"": {""correlation"": 0.0000, ""avg_width_bytes"": 0, ""distinct_values"": 0.00, ""null_fraction_pct"": 0.00, ""most_common_values"": null}, ""description"": null}"
05_COLUMN,ratings,trip_id,"{""type"": {""udt_name"": ""uuid"", ""data_type"": ""uuid"", ""numeric_scale"": null, ""char_max_length"": null, ""numeric_precision"": null}, ""default"": null, ""identity"": null, ""nullable"": false, ""position"": 2, ""generated"": null, ""statistics"": {""correlation"": 0.0000, ""avg_width_bytes"": 0, ""distinct_values"": 0.00, ""null_fraction_pct"": 0.00, ""most_common_values"": null}, ""description"": null}"
05_COLUMN,support_messages,user_id,"{""type"": {""udt_name"": ""uuid"", ""data_type"": ""uuid"", ""numeric_scale"": null, ""char_max_length"": null, ""numeric_precision"": null}, ""default"": null, ""identity"": null, ""nullable"": false, ""position"": 2, ""generated"": null, ""statistics"": {""correlation"": 0.0000, ""avg_width_bytes"": 16, ""distinct_values"": -1.00, ""null_fraction_pct"": 0.00, ""most_common_values"": null}, ""description"": null}"
05_COLUMN,trip_offers,trip_id,"{""type"": {""udt_name"": ""uuid"", ""data_type"": ""uuid"", ""numeric_scale"": null, ""char_max_length"": null, ""numeric_precision"": null}, ""default"": null, ""identity"": null, ""nullable"": false, ""position"": 2, ""generated"": null, ""statistics"": {""correlation"": -0.0431, ""avg_width_bytes"": 16, ""distinct_values"": -1.00, ""null_fraction_pct"": 0.00, ""most_common_values"": null}, ""description"": null}"
05_COLUMN,trips,user_id,"{""type"": {""udt_name"": ""uuid"", ""data_type"": ""uuid"", ""numeric_scale"": null, ""char_max_length"": null, ""numeric_precision"": null}, ""default"": null, ""identity"": null, ""nullable"": false, ""position"": 2, ""generated"": null, ""statistics"": {""correlation"": 1.0000, ""avg_width_bytes"": 16, ""distinct_values"": 2.00, ""null_fraction_pct"": 0.00, ""most_common_values"": ""{aaaaaaaa-0001-0001-0001-aaaaaaaaaaaa,aaaaaaaa-0002-0002-0002-aaaaaaaaaaaa}""}, ""description"": null}"
05_COLUMN,user_coupons,user_id,"{""type"": {""udt_name"": ""uuid"", ""data_type"": ""uuid"", ""numeric_scale"": null, ""char_max_length"": null, ""numeric_precision"": null}, ""default"": null, ""identity"": null, ""nullable"": false, ""position"": 2, ""generated"": null, ""statistics"": {""correlation"": 0.0000, ""avg_width_bytes"": 0, ""distinct_values"": 0.00, ""null_fraction_pct"": 0.00, ""most_common_values"": null}, ""description"": null}"
05_COLUMN,user_presence,lat,"{""type"": {""udt_name"": ""float8"", ""data_type"": ""double precision"", ""numeric_scale"": null, ""char_max_length"": null, ""numeric_precision"": 53}, ""default"": null, ""identity"": null, ""nullable"": false, ""position"": 2, ""generated"": null, ""statistics"": {""correlation"": 1.0000, ""avg_width_bytes"": 8, ""distinct_values"": -1.00, ""null_fraction_pct"": 0.00, ""most_common_values"": null}, ""description"": null}"
05_COLUMN,user_wallets,balance,"{""type"": {""udt_name"": ""numeric"", ""data_type"": ""numeric"", ""numeric_scale"": 2, ""char_max_length"": null, ""numeric_precision"": 12}, ""default"": ""0"", ""identity"": null, ""nullable"": false, ""position"": 2, ""generated"": null, ""statistics"": {""correlation"": 0.0000, ""avg_width_bytes"": 0, ""distinct_values"": 0.00, ""null_fraction_pct"": 0.00, ""most_common_values"": null}, ""description"": null}"
05_COLUMN,users,name,"{""type"": {""udt_name"": ""varchar"", ""data_type"": ""character varying"", ""numeric_scale"": null, ""char_max_length"": 255, ""numeric_precision"": null}, ""default"": null, ""identity"": null, ""nullable"": false, ""position"": 2, ""generated"": null, ""statistics"": {""correlation"": -0.2143, ""avg_width_bytes"": 13, ""distinct_values"": -1.00, ""null_fraction_pct"": 0.00, ""most_common_values"": null}, ""description"": null}"
05_COLUMN,users,name,"{""type"": {""udt_name"": ""varchar"", ""data_type"": ""character varying"", ""numeric_scale"": null, ""char_max_length"": 255, ""numeric_precision"": null}, ""default"": null, ""identity"": null, ""nullable"": false, ""position"": 2, ""generated"": null, ""statistics"": {""correlation"": -0.2143, ""avg_width_bytes"": 13, ""distinct_values"": -1.00, ""null_fraction_pct"": 0.00, ""most_common_values"": null}, ""description"": null}"
05_COLUMN,vehicle_types,name,"{""type"": {""udt_name"": ""varchar"", ""data_type"": ""character varying"", ""numeric_scale"": null, ""char_max_length"": 50, ""numeric_precision"": null}, ""default"": null, ""identity"": null, ""nullable"": false, ""position"": 2, ""generated"": null, ""statistics"": {""correlation"": 1.0000, ""avg_width_bytes"": 5, ""distinct_values"": -1.00, ""null_fraction_pct"": 0.00, ""most_common_values"": null}, ""description"": null}"
05_COLUMN,wallet_transactions,wallet_id,"{""type"": {""udt_name"": ""uuid"", ""data_type"": ""uuid"", ""numeric_scale"": null, ""char_max_length"": null, ""numeric_precision"": null}, ""default"": null, ""identity"": null, ""nullable"": false, ""position"": 2, ""generated"": null, ""statistics"": {""correlation"": 0.0000, ""avg_width_bytes"": 0, ""distinct_values"": 0.00, ""null_fraction_pct"": 0.00, ""most_common_values"": null}, ""description"": null}"
05_COLUMN,withdrawal_requests,driver_id,"{""type"": {""udt_name"": ""uuid"", ""data_type"": ""uuid"", ""numeric_scale"": null, ""char_max_length"": null, ""numeric_precision"": null}, ""default"": null, ""identity"": null, ""nullable"": false, ""position"": 2, ""generated"": null, ""statistics"": {""correlation"": 0.0000, ""avg_width_bytes"": 0, ""distinct_values"": 0.00, ""null_fraction_pct"": 0.00, ""most_common_values"": null}, ""description"": null}"
03_VIEW,admin_audit_log,definition,"{""depends_on"": [""public.admin_logs"", ""public.users""], ""check_option"": ""NONE"", ""is_updatable"": ""NO"", ""definition_length"": 283, ""definition_preview"": "" SELECT al.id,\n    al.action,\n    al.table_name,\n    al.record_id,\n    al.old_data,\n    al.new_data,\n    al.created_at,\n    u.name AS admin_name,\n    u.email AS admin_email\n   FROM (admin_logs al\n     JOIN users u ON ((al.admin_id = u.id)))\n  ORDER BY al.created_at DESC\n LIMIT 1000;"", ""is_insertable_into"": ""NO""}"
03_VIEW,admin_dashboard,definition,"{""depends_on"": [""public.drivers_profile"", ""public.trips"", ""public.users""], ""check_option"": ""NONE"", ""is_updatable"": ""NO"", ""definition_length"": 1286, ""definition_preview"": "" SELECT ( SELECT count(*) AS count\n           FROM users\n          WHERE (((users.role)::text = 'user'::text) AND (users.is_admin = false))) AS total_users,\n    ( SELECT count(*) AS count\n           FROM users\n          WHERE (((users.role)::text = 'driver'::text) AND (users.is_admin = false))) AS total_drivers,\n    ( SELECT count(*) AS count\n           FROM drivers_profile\n          WHERE (drivers_profile.is_verified = true)) AS verified_drivers,\n    ( SELECT count(*) AS count\n           FROM d"", ""is_insertable_into"": ""NO""}"
03_VIEW,admin_pending_verifications,definition,"{""depends_on"": [""public.drivers_profile"", ""public.users""], ""check_option"": ""NONE"", ""is_updatable"": ""NO"", ""definition_length"": 395, ""definition_preview"": "" SELECT dp.id,\n    dp.national_id,\n    dp.license_number,\n    dp.vehicle_type,\n    dp.vehicle_plate,\n    dp.national_id_image_url,\n    dp.license_image_url,\n    dp.criminal_record_url,\n    dp.vehicle_image_url,\n    u.name,\n    u.email,\n    u.phone,\n    u.created_at\n   FROM (drivers_profile dp\n     JOIN users u ON ((dp.id = u.id)))\n  WHERE (dp.is_verified = false)\n  ORDER BY u.created_at DESC;"", ""is_insertable_into"": ""NO""}"
03_VIEW,admin_recent_trips,definition,"{""depends_on"": [""public.trips"", ""public.users""], ""check_option"": ""NONE"", ""is_updatable"": ""NO"", ""definition_length"": 514, ""definition_preview"": "" SELECT t.id,\n    t.status,\n    t.price,\n    t.distance_km,\n    t.vehicle_type,\n    t.pickup_address,\n    t.destination_address,\n    t.created_at,\n    t.completed_at,\n    t.cancelled_at,\n    t.cancel_reason,\n    u_user.name AS user_name,\n    u_user.phone AS user_phone,\n    u_driver.name AS driver_name,\n    u_driver.phone AS driver_phone\n   FROM ((trips t\n     JOIN users u_user ON ((t.user_id = u_user.id)))\n     LEFT JOIN users u_driver ON ((t.driver_id = u_driver.id)))\n  ORDER BY t.created_at DE"", ""is_insertable_into"": ""NO""}"
03_VIEW,admin_users_list,definition,"{""depends_on"": [""public.drivers_profile"", ""public.users""], ""check_option"": ""NONE"", ""is_updatable"": ""NO"", ""definition_length"": 648, ""definition_preview"": "" SELECT u.id,\n    u.name,\n    u.email,\n    u.phone,\n    u.role,\n    u.is_admin,\n    u.is_active,\n    u.is_blocked,\n    u.blocked_reason,\n    u.blocked_at,\n    u.rating,\n    u.total_trips,\n    u.avatar_url,\n    u.created_at,\n    dp.is_verified,\n    dp.is_available,\n    dp.national_id,\n    dp.license_number,\n    dp.vehicle_type,\n    dp.vehicle_brand,\n    dp.vehicle_model,\n    dp.vehicle_year,\n    dp.vehicle_color,\n    dp.vehicle_plate,\n    dp.national_id_image_url,\n    dp.license_image_url,\n    dp"", ""is_insertable_into"": ""NO""}"
03_VIEW,driver_earnings_detailed,definition,"{""depends_on"": [""public.trips""], ""check_option"": ""NONE"", ""is_updatable"": ""NO"", ""definition_length"": 703, ""definition_preview"": "" SELECT driver_id,\n    count(*) FILTER (WHERE ((status)::text = 'completed'::text)) AS completed_trips,\n    COALESCE(sum(price) FILTER (WHERE ((status)::text = 'completed'::text)), (0)::numeric) AS total_earnings,\n    COALESCE(avg(price) FILTER (WHERE ((status)::text = 'completed'::text)), (0)::numeric) AS avg_price,\n    COALESCE(sum(price) FILTER (WHERE (((status)::text = 'completed'::text) AND (created_at >= (now() - '7 days'::interval)))), (0)::numeric) AS earnings_7d,\n    COALESCE(sum(price)"", ""is_insertable_into"": ""NO""}"
03_VIEW,driver_earnings_summary,definition,"{""depends_on"": [""public.driver_wallets"", ""public.drivers_profile"", ""public.trips""], ""check_option"": ""NONE"", ""is_updatable"": ""NO"", ""definition_length"": 1152, ""definition_preview"": "" SELECT dp.id AS driver_id,\n    COALESCE(dw.balance, (0)::numeric) AS available_balance,\n    COALESCE(dw.total_earned, (0)::numeric) AS total_earnings,\n    COALESCE(dw.total_withdrawn, (0)::numeric) AS total_withdrawn,\n    COALESCE(dw.pending_withdrawal, (0)::numeric) AS pending_withdrawal,\n    COALESCE(dw.commission_rate, 0.15) AS commission_rate,\n    count(t.id) FILTER (WHERE ((t.status)::text = 'completed'::text)) AS completed_trips,\n    COALESCE(sum(t.driver_earnings) FILTER (WHERE (((t.stat"", ""is_insertable_into"": ""NO""}"
03_VIEW,public_driver_profiles,definition,"{""depends_on"": [""public.drivers_profile""], ""check_option"": ""NONE"", ""is_updatable"": ""YES"", ""definition_length"": 218, ""definition_preview"": "" SELECT id,\n    vehicle_type,\n    vehicle_brand,\n    vehicle_model,\n    vehicle_color,\n    is_available,\n    current_lat,\n    current_lng,\n    geohash,\n    geohash5\n   FROM drivers_profile\n  WHERE (is_verified = true);"", ""is_insertable_into"": ""YES""}"
03_VIEW,public_user_profiles,definition,"{""depends_on"": [""public.users""], ""check_option"": ""NONE"", ""is_updatable"": ""YES"", ""definition_length"": 144, ""definition_preview"": "" SELECT id,\n    name,\n    avatar_url,\n    rating,\n    total_trips,\n    role\n   FROM users\n  WHERE ((is_active = true) AND (is_blocked = false));"", ""is_insertable_into"": ""YES""}"
03_VIEW,user_trip_stats,definition,"{""depends_on"": [""public.ratings"", ""public.trips"", ""public.users""], ""check_option"": ""NONE"", ""is_updatable"": ""YES"", ""definition_length"": 580, ""definition_preview"": "" SELECT id AS user_id,\n    role,\n    COALESCE(( SELECT count(*) AS count\n           FROM trips t\n          WHERE ((t.user_id = u.id) AND ((t.status)::text = 'completed'::text))), (0)::bigint) AS completed_trips_as_user,\n    COALESCE(( SELECT count(*) AS count\n           FROM trips t\n          WHERE ((t.driver_id = u.id) AND ((t.status)::text = 'completed'::text))), (0)::bigint) AS completed_trips_as_driver,\n    COALESCE(( SELECT round(avg(r.rating), 2) AS round\n           FROM ratings r\n        "", ""is_insertable_into"": ""YES""}"
05_COLUMN,admin_logs,action,"{""type"": {""udt_name"": ""varchar"", ""data_type"": ""character varying"", ""numeric_scale"": null, ""char_max_length"": 50, ""numeric_precision"": null}, ""default"": null, ""identity"": null, ""nullable"": false, ""position"": 3, ""generated"": null, ""statistics"": {""correlation"": 0.0000, ""avg_width_bytes"": 0, ""distinct_values"": 0.00, ""null_fraction_pct"": 0.00, ""most_common_values"": null}, ""description"": null}"
05_COLUMN,complaints,trip_id,"{""type"": {""udt_name"": ""uuid"", ""data_type"": ""uuid"", ""numeric_scale"": null, ""char_max_length"": null, ""numeric_precision"": null}, ""default"": null, ""identity"": null, ""nullable"": false, ""position"": 3, ""generated"": null, ""statistics"": {""correlation"": 0.0000, ""avg_width_bytes"": 0, ""distinct_values"": 0.00, ""null_fraction_pct"": 0.00, ""most_common_values"": null}, ""description"": null}"
05_COLUMN,coupon_usages,user_coupon_id,"{""type"": {""udt_name"": ""uuid"", ""data_type"": ""uuid"", ""numeric_scale"": null, ""char_max_length"": null, ""numeric_precision"": null}, ""default"": null, ""identity"": null, ""nullable"": false, ""position"": 3, ""generated"": null, ""statistics"": {""correlation"": 0.0000, ""avg_width_bytes"": 0, ""distinct_values"": 0.00, ""null_fraction_pct"": 0.00, ""most_common_values"": null}, ""description"": null}"
05_COLUMN,coupons,discount_type,"{""type"": {""udt_name"": ""varchar"", ""data_type"": ""character varying"", ""numeric_scale"": null, ""char_max_length"": 20, ""numeric_precision"": null}, ""default"": null, ""identity"": null, ""nullable"": false, ""position"": 3, ""generated"": null, ""statistics"": {""correlation"": 0.0000, ""avg_width_bytes"": 0, ""distinct_values"": 0.00, ""null_fraction_pct"": 0.00, ""most_common_values"": null}, ""description"": null}"
05_COLUMN,driver_locations,lat,"{""type"": {""udt_name"": ""numeric"", ""data_type"": ""numeric"", ""numeric_scale"": 8, ""char_max_length"": null, ""numeric_precision"": 10}, ""default"": null, ""identity"": null, ""nullable"": false, ""position"": 3, ""generated"": null, ""statistics"": {""correlation"": 1.0000, ""avg_width_bytes"": 9, ""distinct_values"": -1.00, ""null_fraction_pct"": 0.00, ""most_common_values"": null}, ""description"": null}"
05_COLUMN,driver_revision_requests,fields_requested,"{""type"": {""udt_name"": ""_text"", ""data_type"": ""ARRAY"", ""numeric_scale"": null, ""char_max_length"": null, ""numeric_precision"": null}, ""default"": null, ""identity"": null, ""nullable"": false, ""position"": 3, ""generated"": null, ""statistics"": {""correlation"": 0.0000, ""avg_width_bytes"": 0, ""distinct_values"": 0.00, ""null_fraction_pct"": 0.00, ""most_common_values"": null}, ""description"": null}"
05_COLUMN,driver_wallets,total_earned,"{""type"": {""udt_name"": ""numeric"", ""data_type"": ""numeric"", ""numeric_scale"": 2, ""char_max_length"": null, ""numeric_precision"": 12}, ""default"": ""0"", ""identity"": null, ""nullable"": false, ""position"": 3, ""generated"": null, ""statistics"": {""correlation"": 0.0000, ""avg_width_bytes"": 0, ""distinct_values"": 0.00, ""null_fraction_pct"": 0.00, ""most_common_values"": null}, ""description"": null}"
05_COLUMN,drivers_profile,national_id_image_url,"{""type"": {""udt_name"": ""text"", ""data_type"": ""text"", ""numeric_scale"": null, ""char_max_length"": null, ""numeric_precision"": null}, ""default"": null, ""identity"": null, ""nullable"": false, ""position"": 3, ""generated"": null, ""statistics"": {""correlation"": 1.0000, ""avg_width_bytes"": 45, ""distinct_values"": -0.33, ""null_fraction_pct"": 0.00, ""most_common_values"": ""{https://placehold.co/400x300?text=NationalID}""}, ""description"": null}"
05_COLUMN,messages,receiver_id,"{""type"": {""udt_name"": ""uuid"", ""data_type"": ""uuid"", ""numeric_scale"": null, ""char_max_length"": null, ""numeric_precision"": null}, ""default"": null, ""identity"": null, ""nullable"": false, ""position"": 3, ""generated"": null, ""statistics"": {""correlation"": 0.0000, ""avg_width_bytes"": 0, ""distinct_values"": 0.00, ""null_fraction_pct"": 0.00, ""most_common_values"": null}, ""description"": null}"
05_COLUMN,messages,receiver_id,"{""type"": {""udt_name"": ""uuid"", ""data_type"": ""uuid"", ""numeric_scale"": null, ""char_max_length"": null, ""numeric_precision"": null}, ""default"": null, ""identity"": null, ""nullable"": false, ""position"": 3, ""generated"": null, ""statistics"": {""correlation"": 0.0000, ""avg_width_bytes"": 0, ""distinct_values"": 0.00, ""null_fraction_pct"": 0.00, ""most_common_values"": null}, ""description"": null}"
05_COLUMN,notifications,title,"{""type"": {""udt_name"": ""varchar"", ""data_type"": ""character varying"", ""numeric_scale"": null, ""char_max_length"": 255, ""numeric_precision"": null}, ""default"": null, ""identity"": null, ""nullable"": false, ""position"": 3, ""generated"": null, ""statistics"": {""correlation"": 0.0000, ""avg_width_bytes"": 0, ""distinct_values"": 0.00, ""null_fraction_pct"": 0.00, ""most_common_values"": null}, ""description"": null}"
05_COLUMN,pricing_config,base_fare,"{""type"": {""udt_name"": ""numeric"", ""data_type"": ""numeric"", ""numeric_scale"": 2, ""char_max_length"": null, ""numeric_precision"": 10}, ""default"": ""0"", ""identity"": null, ""nullable"": false, ""position"": 3, ""generated"": null, ""statistics"": {""correlation"": 0.0000, ""avg_width_bytes"": 0, ""distinct_values"": 0.00, ""null_fraction_pct"": 0.00, ""most_common_values"": null}, ""description"": null}"
05_COLUMN,ratings,user_id,"{""type"": {""udt_name"": ""uuid"", ""data_type"": ""uuid"", ""numeric_scale"": null, ""char_max_length"": null, ""numeric_precision"": null}, ""default"": null, ""identity"": null, ""nullable"": false, ""position"": 3, ""generated"": null, ""statistics"": {""correlation"": 0.0000, ""avg_width_bytes"": 0, ""distinct_values"": 0.00, ""null_fraction_pct"": 0.00, ""most_common_values"": null}, ""description"": null}"
05_COLUMN,support_messages,message,"{""type"": {""udt_name"": ""text"", ""data_type"": ""text"", ""numeric_scale"": null, ""char_max_length"": null, ""numeric_precision"": null}, ""default"": null, ""identity"": null, ""nullable"": false, ""position"": 3, ""generated"": null, ""statistics"": {""correlation"": 0.0000, ""avg_width_bytes"": 3, ""distinct_values"": -1.00, ""null_fraction_pct"": 0.00, ""most_common_values"": null}, ""description"": null}"
05_COLUMN,trip_offers,driver_id,"{""type"": {""udt_name"": ""uuid"", ""data_type"": ""uuid"", ""numeric_scale"": null, ""char_max_length"": null, ""numeric_precision"": null}, ""default"": null, ""identity"": null, ""nullable"": false, ""position"": 3, ""generated"": null, ""statistics"": {""correlation"": 0.5005, ""avg_width_bytes"": 16, ""distinct_values"": 2.00, ""null_fraction_pct"": 0.00, ""most_common_values"": ""{bbbbbbbb-0002-0002-0002-bbbbbbbbbbbb,bbbbbbbb-0003-0003-0003-bbbbbbbbbbbb}""}, ""description"": null}"
05_COLUMN,trips,driver_id,"{""type"": {""udt_name"": ""uuid"", ""data_type"": ""uuid"", ""numeric_scale"": null, ""char_max_length"": null, ""numeric_precision"": null}, ""default"": null, ""identity"": null, ""nullable"": true, ""position"": 3, ""generated"": null, ""statistics"": {""correlation"": -0.2000, ""avg_width_bytes"": 16, ""distinct_values"": 2.00, ""null_fraction_pct"": 93.10, ""most_common_values"": ""{bbbbbbbb-0003-0003-0003-bbbbbbbbbbbb}""}, ""description"": null}"
05_COLUMN,user_coupons,coupon_id,"{""type"": {""udt_name"": ""uuid"", ""data_type"": ""uuid"", ""numeric_scale"": null, ""char_max_length"": null, ""numeric_precision"": null}, ""default"": null, ""identity"": null, ""nullable"": false, ""position"": 3, ""generated"": null, ""statistics"": {""correlation"": 0.0000, ""avg_width_bytes"": 0, ""distinct_values"": 0.00, ""null_fraction_pct"": 0.00, ""most_common_values"": null}, ""description"": null}"
05_COLUMN,user_presence,lng,"{""type"": {""udt_name"": ""float8"", ""data_type"": ""double precision"", ""numeric_scale"": null, ""char_max_length"": null, ""numeric_precision"": 53}, ""default"": null, ""identity"": null, ""nullable"": false, ""position"": 3, ""generated"": null, ""statistics"": {""correlation"": 1.0000, ""avg_width_bytes"": 8, ""distinct_values"": -1.00, ""null_fraction_pct"": 0.00, ""most_common_values"": null}, ""description"": null}"
05_COLUMN,user_wallets,total_spent,"{""type"": {""udt_name"": ""numeric"", ""data_type"": ""numeric"", ""numeric_scale"": 2, ""char_max_length"": null, ""numeric_precision"": 12}, ""default"": ""0"", ""identity"": null, ""nullable"": false, ""position"": 3, ""generated"": null, ""statistics"": {""correlation"": 0.0000, ""avg_width_bytes"": 0, ""distinct_values"": 0.00, ""null_fraction_pct"": 0.00, ""most_common_values"": null}, ""description"": null}"
05_COLUMN,users,phone,"{""type"": {""udt_name"": ""varchar"", ""data_type"": ""character varying"", ""numeric_scale"": null, ""char_max_length"": 20, ""numeric_precision"": null}, ""default"": null, ""identity"": null, ""nullable"": false, ""position"": 3, ""generated"": null, ""statistics"": {""correlation"": 0.3929, ""avg_width_bytes"": 12, ""distinct_values"": -1.00, ""null_fraction_pct"": 0.00, ""most_common_values"": null}, ""description"": null}"
05_COLUMN,users,phone,"{""type"": {""udt_name"": ""varchar"", ""data_type"": ""character varying"", ""numeric_scale"": null, ""char_max_length"": 20, ""numeric_precision"": null}, ""default"": null, ""identity"": null, ""nullable"": false, ""position"": 3, ""generated"": null, ""statistics"": {""correlation"": 0.3929, ""avg_width_bytes"": 12, ""distinct_values"": -1.00, ""null_fraction_pct"": 0.00, ""most_common_values"": null}, ""description"": null}"
05_COLUMN,vehicle_types,display_name,"{""type"": {""udt_name"": ""varchar"", ""data_type"": ""character varying"", ""numeric_scale"": null, ""char_max_length"": 100, ""numeric_precision"": null}, ""default"": null, ""identity"": null, ""nullable"": false, ""position"": 3, ""generated"": null, ""statistics"": {""correlation"": 1.0000, ""avg_width_bytes"": 16, ""distinct_values"": -1.00, ""null_fraction_pct"": 0.00, ""most_common_values"": null}, ""description"": null}"
05_COLUMN,wallet_transactions,wallet_type,"{""type"": {""udt_name"": ""varchar"", ""data_type"": ""character varying"", ""numeric_scale"": null, ""char_max_length"": 10, ""numeric_precision"": null}, ""default"": null, ""identity"": null, ""nullable"": false, ""position"": 3, ""generated"": null, ""statistics"": {""correlation"": 0.0000, ""avg_width_bytes"": 0, ""distinct_values"": 0.00, ""null_fraction_pct"": 0.00, ""most_common_values"": null}, ""description"": null}"
05_COLUMN,withdrawal_requests,amount,"{""type"": {""udt_name"": ""numeric"", ""data_type"": ""numeric"", ""numeric_scale"": 2, ""char_max_length"": null, ""numeric_precision"": 12}, ""default"": null, ""identity"": null, ""nullable"": false, ""position"": 3, ""generated"": null, ""statistics"": {""correlation"": 0.0000, ""avg_width_bytes"": 0, ""distinct_values"": 0.00, ""null_fraction_pct"": 0.00, ""most_common_values"": null}, ""description"": null}"
04_REALTIME,drivers_profile,publication,"{""active"": true, ""events"": [""INSERT"", ""UPDATE"", ""DELETE""], ""schema"": ""public"", ""publication_name"": ""supabase_realtime""}"
04_REALTIME,messages,publication,"{""active"": true, ""events"": [""INSERT"", ""UPDATE"", ""DELETE""], ""schema"": ""public"", ""publication_name"": ""supabase_realtime""}"
04_REALTIME,notifications,publication,"{""active"": true, ""events"": [""INSERT"", ""UPDATE"", ""DELETE""], ""schema"": ""public"", ""publication_name"": ""supabase_realtime""}"
04_REALTIME,trip_offers,publication,"{""active"": true, ""events"": [""INSERT"", ""UPDATE"", ""DELETE""], ""schema"": ""public"", ""publication_name"": ""supabase_realtime""}"
04_REALTIME,trips,publication,"{""active"": true, ""events"": [""INSERT"", ""UPDATE"", ""DELETE""], ""schema"": ""public"", ""publication_name"": ""supabase_realtime""}"
04_REALTIME,user_presence,publication,"{""active"": true, ""events"": [""INSERT"", ""UPDATE"", ""DELETE""], ""schema"": ""public"", ""publication_name"": ""supabase_realtime""}"
04_REALTIME,vehicle_types,publication,"{""active"": true, ""events"": [""INSERT"", ""UPDATE"", ""DELETE""], ""schema"": ""public"", ""publication_name"": ""supabase_realtime""}"
05_COLUMN,admin_logs,table_name,"{""type"": {""udt_name"": ""varchar"", ""data_type"": ""character varying"", ""numeric_scale"": null, ""char_max_length"": 100, ""numeric_precision"": null}, ""default"": null, ""identity"": null, ""nullable"": false, ""position"": 4, ""generated"": null, ""statistics"": {""correlation"": 0.0000, ""avg_width_bytes"": 0, ""distinct_values"": 0.00, ""null_fraction_pct"": 0.00, ""most_common_values"": null}, ""description"": null}"
05_COLUMN,complaints,title,"{""type"": {""udt_name"": ""varchar"", ""data_type"": ""character varying"", ""numeric_scale"": null, ""char_max_length"": 255, ""numeric_precision"": null}, ""default"": null, ""identity"": null, ""nullable"": false, ""position"": 4, ""generated"": null, ""statistics"": {""correlation"": 0.0000, ""avg_width_bytes"": 0, ""distinct_values"": 0.00, ""null_fraction_pct"": 0.00, ""most_common_values"": null}, ""description"": null}"
05_COLUMN,coupon_usages,discount_amount,"{""type"": {""udt_name"": ""numeric"", ""data_type"": ""numeric"", ""numeric_scale"": 2, ""char_max_length"": null, ""numeric_precision"": 10}, ""default"": null, ""identity"": null, ""nullable"": false, ""position"": 4, ""generated"": null, ""statistics"": {""correlation"": 0.0000, ""avg_width_bytes"": 0, ""distinct_values"": 0.00, ""null_fraction_pct"": 0.00, ""most_common_values"": null}, ""description"": null}"
05_COLUMN,coupons,discount_value,"{""type"": {""udt_name"": ""numeric"", ""data_type"": ""numeric"", ""numeric_scale"": 2, ""char_max_length"": null, ""numeric_precision"": 10}, ""default"": null, ""identity"": null, ""nullable"": false, ""position"": 4, ""generated"": null, ""statistics"": {""correlation"": 0.0000, ""avg_width_bytes"": 0, ""distinct_values"": 0.00, ""null_fraction_pct"": 0.00, ""most_common_values"": null}, ""description"": null}"
05_COLUMN,driver_locations,lng,"{""type"": {""udt_name"": ""numeric"", ""data_type"": ""numeric"", ""numeric_scale"": 8, ""char_max_length"": null, ""numeric_precision"": 11}, ""default"": null, ""identity"": null, ""nullable"": false, ""position"": 4, ""generated"": null, ""statistics"": {""correlation"": -1.0000, ""avg_width_bytes"": 9, ""distinct_values"": -1.00, ""null_fraction_pct"": 0.00, ""most_common_values"": null}, ""description"": null}"
05_COLUMN,driver_revision_requests,message,"{""type"": {""udt_name"": ""text"", ""data_type"": ""text"", ""numeric_scale"": null, ""char_max_length"": null, ""numeric_precision"": null}, ""default"": null, ""identity"": null, ""nullable"": false, ""position"": 4, ""generated"": null, ""statistics"": {""correlation"": 0.0000, ""avg_width_bytes"": 0, ""distinct_values"": 0.00, ""null_fraction_pct"": 0.00, ""most_common_values"": null}, ""description"": null}"
05_COLUMN,driver_wallets,total_withdrawn,"{""type"": {""udt_name"": ""numeric"", ""data_type"": ""numeric"", ""numeric_scale"": 2, ""char_max_length"": null, ""numeric_precision"": 12}, ""default"": ""0"", ""identity"": null, ""nullable"": false, ""position"": 4, ""generated"": null, ""statistics"": {""correlation"": 0.0000, ""avg_width_bytes"": 0, ""distinct_values"": 0.00, ""null_fraction_pct"": 0.00, ""most_common_values"": null}, ""description"": null}"
05_COLUMN,drivers_profile,license_number,"{""type"": {""udt_name"": ""varchar"", ""data_type"": ""character varying"", ""numeric_scale"": null, ""char_max_length"": 50, ""numeric_precision"": null}, ""default"": null, ""identity"": null, ""nullable"": false, ""position"": 4, ""generated"": null, ""statistics"": {""correlation"": 0.5000, ""avg_width_bytes"": 12, ""distinct_values"": -1.00, ""null_fraction_pct"": 0.00, ""most_common_values"": null}, ""description"": null}"
05_COLUMN,messages,trip_id,"{""type"": {""udt_name"": ""uuid"", ""data_type"": ""uuid"", ""numeric_scale"": null, ""char_max_length"": null, ""numeric_precision"": null}, ""default"": null, ""identity"": null, ""nullable"": true, ""position"": 4, ""generated"": null, ""statistics"": {""correlation"": 0.0000, ""avg_width_bytes"": 0, ""distinct_values"": 0.00, ""null_fraction_pct"": 0.00, ""most_common_values"": null}, ""description"": null}"
05_COLUMN,messages,trip_id,"{""type"": {""udt_name"": ""uuid"", ""data_type"": ""uuid"", ""numeric_scale"": null, ""char_max_length"": null, ""numeric_precision"": null}, ""default"": null, ""identity"": null, ""nullable"": true, ""position"": 4, ""generated"": null, ""statistics"": {""correlation"": 0.0000, ""avg_width_bytes"": 0, ""distinct_values"": 0.00, ""null_fraction_pct"": 0.00, ""most_common_values"": null}, ""description"": null}"
05_COLUMN,notifications,message,"{""type"": {""udt_name"": ""text"", ""data_type"": ""text"", ""numeric_scale"": null, ""char_max_length"": null, ""numeric_precision"": null}, ""default"": null, ""identity"": null, ""nullable"": false, ""position"": 4, ""generated"": null, ""statistics"": {""correlation"": 0.0000, ""avg_width_bytes"": 0, ""distinct_values"": 0.00, ""null_fraction_pct"": 0.00, ""most_common_values"": null}, ""description"": null}"
05_COLUMN,pricing_config,price_per_km,"{""type"": {""udt_name"": ""numeric"", ""data_type"": ""numeric"", ""numeric_scale"": 2, ""char_max_length"": null, ""numeric_precision"": 10}, ""default"": ""0"", ""identity"": null, ""nullable"": false, ""position"": 4, ""generated"": null, ""statistics"": {""correlation"": 0.0000, ""avg_width_bytes"": 0, ""distinct_values"": 0.00, ""null_fraction_pct"": 0.00, ""most_common_values"": null}, ""description"": null}"
05_COLUMN,ratings,driver_id,"{""type"": {""udt_name"": ""uuid"", ""data_type"": ""uuid"", ""numeric_scale"": null, ""char_max_length"": null, ""numeric_precision"": null}, ""default"": null, ""identity"": null, ""nullable"": false, ""position"": 4, ""generated"": null, ""statistics"": {""correlation"": 0.0000, ""avg_width_bytes"": 0, ""distinct_values"": 0.00, ""null_fraction_pct"": 0.00, ""most_common_values"": null}, ""description"": null}"
05_COLUMN,support_messages,created_at,"{""type"": {""udt_name"": ""timestamptz"", ""data_type"": ""timestamp with time zone"", ""numeric_scale"": null, ""char_max_length"": null, ""numeric_precision"": null}, ""default"": ""now()"", ""identity"": null, ""nullable"": true, ""position"": 4, ""generated"": null, ""statistics"": {""correlation"": 0.0000, ""avg_width_bytes"": 8, ""distinct_values"": -1.00, ""null_fraction_pct"": 0.00, ""most_common_values"": null}, ""description"": null}"
05_COLUMN,trip_offers,status,"{""type"": {""udt_name"": ""varchar"", ""data_type"": ""character varying"", ""numeric_scale"": null, ""char_max_length"": 20, ""numeric_precision"": null}, ""default"": ""'pending'::character varying"", ""identity"": null, ""nullable"": false, ""position"": 4, ""generated"": null, ""statistics"": {""correlation"": 0.5125, ""avg_width_bytes"": 8, ""distinct_values"": 3.00, ""null_fraction_pct"": 0.00, ""most_common_values"": ""{expired,rejected,accepted}""}, ""description"": null}"
05_COLUMN,trips,pickup_address,"{""type"": {""udt_name"": ""text"", ""data_type"": ""text"", ""numeric_scale"": null, ""char_max_length"": null, ""numeric_precision"": null}, ""default"": null, ""identity"": null, ""nullable"": false, ""position"": 4, ""generated"": null, ""statistics"": {""correlation"": -0.0999, ""avg_width_bytes"": 30, ""distinct_values"": 3.00, ""null_fraction_pct"": 0.00, ""most_common_values"": ""{\""Al Hanafeya Street, Al Qalyubia\"",\""El Tahrir Square, Cairo\""}""}, ""description"": null}"
05_COLUMN,user_coupons,is_used,"{""type"": {""udt_name"": ""bool"", ""data_type"": ""boolean"", ""numeric_scale"": null, ""char_max_length"": null, ""numeric_precision"": null}, ""default"": ""false"", ""identity"": null, ""nullable"": false, ""position"": 4, ""generated"": null, ""statistics"": {""correlation"": 0.0000, ""avg_width_bytes"": 0, ""distinct_values"": 0.00, ""null_fraction_pct"": 0.00, ""most_common_values"": null}, ""description"": null}"
05_COLUMN,user_presence,last_seen,"{""type"": {""udt_name"": ""timestamptz"", ""data_type"": ""timestamp with time zone"", ""numeric_scale"": null, ""char_max_length"": null, ""numeric_precision"": null}, ""default"": ""now()"", ""identity"": null, ""nullable"": false, ""position"": 4, ""generated"": null, ""statistics"": {""correlation"": 1.0000, ""avg_width_bytes"": 8, ""distinct_values"": -1.00, ""null_fraction_pct"": 0.00, ""most_common_values"": null}, ""description"": null}"
05_COLUMN,user_wallets,total_topped_up,"{""type"": {""udt_name"": ""numeric"", ""data_type"": ""numeric"", ""numeric_scale"": 2, ""char_max_length"": null, ""numeric_precision"": 12}, ""default"": ""0"", ""identity"": null, ""nullable"": false, ""position"": 4, ""generated"": null, ""statistics"": {""correlation"": 0.0000, ""avg_width_bytes"": 0, ""distinct_values"": 0.00, ""null_fraction_pct"": 0.00, ""most_common_values"": null}, ""description"": null}"
05_COLUMN,users,email,"{""type"": {""udt_name"": ""varchar"", ""data_type"": ""character varying"", ""numeric_scale"": null, ""char_max_length"": 255, ""numeric_precision"": null}, ""default"": null, ""identity"": null, ""nullable"": false, ""position"": 4, ""generated"": null, ""statistics"": {""correlation"": -0.2143, ""avg_width_bytes"": 21, ""distinct_values"": -1.00, ""null_fraction_pct"": 0.00, ""most_common_values"": null}, ""description"": null}"
05_COLUMN,users,email,"{""type"": {""udt_name"": ""varchar"", ""data_type"": ""character varying"", ""numeric_scale"": null, ""char_max_length"": 255, ""numeric_precision"": null}, ""default"": null, ""identity"": null, ""nullable"": false, ""position"": 4, ""generated"": null, ""statistics"": {""correlation"": -0.2143, ""avg_width_bytes"": 21, ""distinct_values"": -1.00, ""null_fraction_pct"": 0.00, ""most_common_values"": null}, ""description"": null}"
05_COLUMN,vehicle_types,icon,"{""type"": {""udt_name"": ""varchar"", ""data_type"": ""character varying"", ""numeric_scale"": null, ""char_max_length"": 50, ""numeric_precision"": null}, ""default"": ""'directions_car'::character varying"", ""identity"": null, ""nullable"": false, ""position"": 4, ""generated"": null, ""statistics"": {""correlation"": 1.0000, ""avg_width_bytes"": 5, ""distinct_values"": -1.00, ""null_fraction_pct"": 0.00, ""most_common_values"": null}, ""description"": null}"
05_COLUMN,wallet_transactions,type,"{""type"": {""udt_name"": ""wallet_transaction_type"", ""data_type"": ""USER-DEFINED"", ""numeric_scale"": null, ""char_max_length"": null, ""numeric_precision"": null}, ""default"": null, ""identity"": null, ""nullable"": false, ""position"": 4, ""generated"": null, ""statistics"": {""correlation"": 0.0000, ""avg_width_bytes"": 0, ""distinct_values"": 0.00, ""null_fraction_pct"": 0.00, ""most_common_values"": null}, ""description"": null}"
05_COLUMN,withdrawal_requests,status,"{""type"": {""udt_name"": ""withdrawal_status"", ""data_type"": ""USER-DEFINED"", ""numeric_scale"": null, ""char_max_length"": null, ""numeric_precision"": null}, ""default"": ""'pending'::withdrawal_status"", ""identity"": null, ""nullable"": false, ""position"": 4, ""generated"": null, ""statistics"": {""correlation"": 0.0000, ""avg_width_bytes"": 0, ""distinct_values"": 0.00, ""null_fraction_pct"": 0.00, ""most_common_values"": null}, ""description"": null}"
05_COLUMN,admin_logs,record_id,"{""type"": {""udt_name"": ""uuid"", ""data_type"": ""uuid"", ""numeric_scale"": null, ""char_max_length"": null, ""numeric_precision"": null}, ""default"": null, ""identity"": null, ""nullable"": true, ""position"": 5, ""generated"": null, ""statistics"": {""correlation"": 0.0000, ""avg_width_bytes"": 0, ""distinct_values"": 0.00, ""null_fraction_pct"": 0.00, ""most_common_values"": null}, ""description"": null}"
05_COLUMN,complaints,description,"{""type"": {""udt_name"": ""text"", ""data_type"": ""text"", ""numeric_scale"": null, ""char_max_length"": null, ""numeric_precision"": null}, ""default"": null, ""identity"": null, ""nullable"": false, ""position"": 5, ""generated"": null, ""statistics"": {""correlation"": 0.0000, ""avg_width_bytes"": 0, ""distinct_values"": 0.00, ""null_fraction_pct"": 0.00, ""most_common_values"": null}, ""description"": null}"
05_COLUMN,coupon_usages,created_at,"{""type"": {""udt_name"": ""timestamptz"", ""data_type"": ""timestamp with time zone"", ""numeric_scale"": null, ""char_max_length"": null, ""numeric_precision"": null}, ""default"": ""now()"", ""identity"": null, ""nullable"": true, ""position"": 5, ""generated"": null, ""statistics"": {""correlation"": 0.0000, ""avg_width_bytes"": 0, ""distinct_values"": 0.00, ""null_fraction_pct"": 0.00, ""most_common_values"": null}, ""description"": null}"
05_COLUMN,coupons,min_trip_price,"{""type"": {""udt_name"": ""numeric"", ""data_type"": ""numeric"", ""numeric_scale"": 2, ""char_max_length"": null, ""numeric_precision"": 10}, ""default"": null, ""identity"": null, ""nullable"": true, ""position"": 5, ""generated"": null, ""statistics"": {""correlation"": 0.0000, ""avg_width_bytes"": 0, ""distinct_values"": 0.00, ""null_fraction_pct"": 0.00, ""most_common_values"": null}, ""description"": null}"
05_COLUMN,driver_locations,heading,"{""type"": {""udt_name"": ""numeric"", ""data_type"": ""numeric"", ""numeric_scale"": 2, ""char_max_length"": null, ""numeric_precision"": 5}, ""default"": null, ""identity"": null, ""nullable"": true, ""position"": 5, ""generated"": null, ""statistics"": {""correlation"": 0.0000, ""avg_width_bytes"": 3, ""distinct_values"": -0.50, ""null_fraction_pct"": 50.00, ""most_common_values"": null}, ""description"": null}"
05_COLUMN,driver_revision_requests,status,"{""type"": {""udt_name"": ""varchar"", ""data_type"": ""character varying"", ""numeric_scale"": null, ""char_max_length"": 20, ""numeric_precision"": null}, ""default"": ""'pending'::character varying"", ""identity"": null, ""nullable"": true, ""position"": 5, ""generated"": null, ""statistics"": {""correlation"": 0.0000, ""avg_width_bytes"": 0, ""distinct_values"": 0.00, ""null_fraction_pct"": 0.00, ""most_common_values"": null}, ""description"": null}"
05_COLUMN,driver_wallets,commission_rate,"{""type"": {""udt_name"": ""numeric"", ""data_type"": ""numeric"", ""numeric_scale"": 4, ""char_max_length"": null, ""numeric_precision"": 5}, ""default"": ""0.15"", ""identity"": null, ""nullable"": false, ""position"": 5, ""generated"": null, ""statistics"": {""correlation"": 0.0000, ""avg_width_bytes"": 0, ""distinct_values"": 0.00, ""null_fraction_pct"": 0.00, ""most_common_values"": null}, ""description"": null}"
05_COLUMN,drivers_profile,license_image_url,"{""type"": {""udt_name"": ""text"", ""data_type"": ""text"", ""numeric_scale"": null, ""char_max_length"": null, ""numeric_precision"": null}, ""default"": null, ""identity"": null, ""nullable"": false, ""position"": 5, ""generated"": null, ""statistics"": {""correlation"": 1.0000, ""avg_width_bytes"": 42, ""distinct_values"": -0.33, ""null_fraction_pct"": 0.00, ""most_common_values"": ""{https://placehold.co/400x300?text=License}""}, ""description"": null}"
05_COLUMN,messages,content,"{""type"": {""udt_name"": ""text"", ""data_type"": ""text"", ""numeric_scale"": null, ""char_max_length"": null, ""numeric_precision"": null}, ""default"": null, ""identity"": null, ""nullable"": false, ""position"": 5, ""generated"": null, ""statistics"": {""correlation"": 0.0000, ""avg_width_bytes"": 0, ""distinct_values"": 0.00, ""null_fraction_pct"": 0.00, ""most_common_values"": null}, ""description"": null}"
05_COLUMN,messages,content,"{""type"": {""udt_name"": ""text"", ""data_type"": ""text"", ""numeric_scale"": null, ""char_max_length"": null, ""numeric_precision"": null}, ""default"": null, ""identity"": null, ""nullable"": false, ""position"": 5, ""generated"": null, ""statistics"": {""correlation"": 0.0000, ""avg_width_bytes"": 0, ""distinct_values"": 0.00, ""null_fraction_pct"": 0.00, ""most_common_values"": null}, ""description"": null}"
05_COLUMN,notifications,type,"{""type"": {""udt_name"": ""varchar"", ""data_type"": ""character varying"", ""numeric_scale"": null, ""char_max_length"": 50, ""numeric_precision"": null}, ""default"": ""'general'::character varying"", ""identity"": null, ""nullable"": true, ""position"": 5, ""generated"": null, ""statistics"": {""correlation"": 0.0000, ""avg_width_bytes"": 0, ""distinct_values"": 0.00, ""null_fraction_pct"": 0.00, ""most_common_values"": null}, ""description"": null}"
05_COLUMN,pricing_config,minimum_fare,"{""type"": {""udt_name"": ""numeric"", ""data_type"": ""numeric"", ""numeric_scale"": 2, ""char_max_length"": null, ""numeric_precision"": 10}, ""default"": ""0"", ""identity"": null, ""nullable"": false, ""position"": 5, ""generated"": null, ""statistics"": {""correlation"": 0.0000, ""avg_width_bytes"": 0, ""distinct_values"": 0.00, ""null_fraction_pct"": 0.00, ""most_common_values"": null}, ""description"": null}"
05_COLUMN,ratings,rating,"{""type"": {""udt_name"": ""numeric"", ""data_type"": ""numeric"", ""numeric_scale"": 2, ""char_max_length"": null, ""numeric_precision"": 3}, ""default"": null, ""identity"": null, ""nullable"": false, ""position"": 5, ""generated"": null, ""statistics"": {""correlation"": 0.0000, ""avg_width_bytes"": 0, ""distinct_values"": 0.00, ""null_fraction_pct"": 0.00, ""most_common_values"": null}, ""description"": null}"
05_COLUMN,support_messages,sender_role,"{""type"": {""udt_name"": ""varchar"", ""data_type"": ""character varying"", ""numeric_scale"": null, ""char_max_length"": 20, ""numeric_precision"": null}, ""default"": ""'user'::character varying"", ""identity"": null, ""nullable"": true, ""position"": 5, ""generated"": null, ""statistics"": {""correlation"": 0.0000, ""avg_width_bytes"": 0, ""distinct_values"": 0.00, ""null_fraction_pct"": 0.00, ""most_common_values"": null}, ""description"": null}"
05_COLUMN,trip_offers,created_at,"{""type"": {""udt_name"": ""timestamptz"", ""data_type"": ""timestamp with time zone"", ""numeric_scale"": null, ""char_max_length"": null, ""numeric_precision"": null}, ""default"": ""now()"", ""identity"": null, ""nullable"": true, ""position"": 5, ""generated"": null, ""statistics"": {""correlation"": 0.6611, ""avg_width_bytes"": 8, ""distinct_values"": -1.00, ""null_fraction_pct"": 0.00, ""most_common_values"": null}, ""description"": null}"
05_COLUMN,trips,pickup_lat,"{""type"": {""udt_name"": ""numeric"", ""data_type"": ""numeric"", ""numeric_scale"": 8, ""char_max_length"": null, ""numeric_precision"": 10}, ""default"": null, ""identity"": null, ""nullable"": false, ""position"": 5, ""generated"": null, ""statistics"": {""correlation"": 0.9991, ""avg_width_bytes"": 8, ""distinct_values"": 3.00, ""null_fraction_pct"": 0.00, ""most_common_values"": ""{30.14407700,30.04440000}""}, ""description"": null}"
05_COLUMN,user_coupons,assigned_at,"{""type"": {""udt_name"": ""timestamptz"", ""data_type"": ""timestamp with time zone"", ""numeric_scale"": null, ""char_max_length"": null, ""numeric_precision"": null}, ""default"": ""now()"", ""identity"": null, ""nullable"": true, ""position"": 5, ""generated"": null, ""statistics"": {""correlation"": 0.0000, ""avg_width_bytes"": 0, ""distinct_values"": 0.00, ""null_fraction_pct"": 0.00, ""most_common_values"": null}, ""description"": null}"
05_COLUMN,user_wallets,updated_at,"{""type"": {""udt_name"": ""timestamptz"", ""data_type"": ""timestamp with time zone"", ""numeric_scale"": null, ""char_max_length"": null, ""numeric_precision"": null}, ""default"": ""now()"", ""identity"": null, ""nullable"": false, ""position"": 5, ""generated"": null, ""statistics"": {""correlation"": 0.0000, ""avg_width_bytes"": 0, ""distinct_values"": 0.00, ""null_fraction_pct"": 0.00, ""most_common_values"": null}, ""description"": null}"
05_COLUMN,users,avatar_url,"{""type"": {""udt_name"": ""text"", ""data_type"": ""text"", ""numeric_scale"": null, ""char_max_length"": null, ""numeric_precision"": null}, ""default"": null, ""identity"": null, ""nullable"": true, ""position"": 5, ""generated"": null, ""statistics"": {""correlation"": 0.0000, ""avg_width_bytes"": 0, ""distinct_values"": 0.00, ""null_fraction_pct"": 100.00, ""most_common_values"": null}, ""description"": null}"
05_COLUMN,users,avatar_url,"{""type"": {""udt_name"": ""text"", ""data_type"": ""text"", ""numeric_scale"": null, ""char_max_length"": null, ""numeric_precision"": null}, ""default"": null, ""identity"": null, ""nullable"": true, ""position"": 5, ""generated"": null, ""statistics"": {""correlation"": 0.0000, ""avg_width_bytes"": 0, ""distinct_values"": 0.00, ""null_fraction_pct"": 100.00, ""most_common_values"": null}, ""description"": null}"
05_COLUMN,vehicle_types,base_fare,"{""type"": {""udt_name"": ""numeric"", ""data_type"": ""numeric"", ""numeric_scale"": 2, ""char_max_length"": null, ""numeric_precision"": 10}, ""default"": ""0"", ""identity"": null, ""nullable"": false, ""position"": 5, ""generated"": null, ""statistics"": {""correlation"": 1.0000, ""avg_width_bytes"": 5, ""distinct_values"": -1.00, ""null_fraction_pct"": 0.00, ""most_common_values"": null}, ""description"": null}"
05_COLUMN,wallet_transactions,amount,"{""type"": {""udt_name"": ""numeric"", ""data_type"": ""numeric"", ""numeric_scale"": 2, ""char_max_length"": null, ""numeric_precision"": 12}, ""default"": null, ""identity"": null, ""nullable"": false, ""position"": 5, ""generated"": null, ""statistics"": {""correlation"": 0.0000, ""avg_width_bytes"": 0, ""distinct_values"": 0.00, ""null_fraction_pct"": 0.00, ""most_common_values"": null}, ""description"": null}"
05_COLUMN,withdrawal_requests,idempotency_key,"{""type"": {""udt_name"": ""uuid"", ""data_type"": ""uuid"", ""numeric_scale"": null, ""char_max_length"": null, ""numeric_precision"": null}, ""default"": ""gen_random_uuid()"", ""identity"": null, ""nullable"": false, ""position"": 5, ""generated"": null, ""statistics"": {""correlation"": 0.0000, ""avg_width_bytes"": 0, ""distinct_values"": 0.00, ""null_fraction_pct"": 0.00, ""most_common_values"": null}, ""description"": null}"
05_COLUMN,admin_logs,old_data,"{""type"": {""udt_name"": ""jsonb"", ""data_type"": ""jsonb"", ""numeric_scale"": null, ""char_max_length"": null, ""numeric_precision"": null}, ""default"": null, ""identity"": null, ""nullable"": true, ""position"": 6, ""generated"": null, ""statistics"": {""correlation"": 0.0000, ""avg_width_bytes"": 0, ""distinct_values"": 0.00, ""null_fraction_pct"": 0.00, ""most_common_values"": null}, ""description"": null}"
05_COLUMN,complaints,status,"{""type"": {""udt_name"": ""varchar"", ""data_type"": ""character varying"", ""numeric_scale"": null, ""char_max_length"": 50, ""numeric_precision"": null}, ""default"": ""'pending'::character varying"", ""identity"": null, ""nullable"": false, ""position"": 6, ""generated"": null, ""statistics"": {""correlation"": 0.0000, ""avg_width_bytes"": 0, ""distinct_values"": 0.00, ""null_fraction_pct"": 0.00, ""most_common_values"": null}, ""description"": null}"
05_COLUMN,coupons,max_uses,"{""type"": {""udt_name"": ""int4"", ""data_type"": ""integer"", ""numeric_scale"": 0, ""char_max_length"": null, ""numeric_precision"": 32}, ""default"": null, ""identity"": null, ""nullable"": true, ""position"": 6, ""generated"": null, ""statistics"": {""correlation"": 0.0000, ""avg_width_bytes"": 0, ""distinct_values"": 0.00, ""null_fraction_pct"": 0.00, ""most_common_values"": null}, ""description"": null}"
05_COLUMN,driver_locations,geohash,"{""type"": {""udt_name"": ""varchar"", ""data_type"": ""character varying"", ""numeric_scale"": null, ""char_max_length"": 20, ""numeric_precision"": null}, ""default"": null, ""identity"": null, ""nullable"": false, ""position"": 6, ""generated"": null, ""statistics"": {""correlation"": 1.0000, ""avg_width_bytes"": 7, ""distinct_values"": -0.50, ""null_fraction_pct"": 0.00, ""most_common_values"": ""{stq5rx}""}, ""description"": null}"
05_COLUMN,driver_revision_requests,created_at,"{""type"": {""udt_name"": ""timestamptz"", ""data_type"": ""timestamp with time zone"", ""numeric_scale"": null, ""char_max_length"": null, ""numeric_precision"": null}, ""default"": ""now()"", ""identity"": null, ""nullable"": true, ""position"": 6, ""generated"": null, ""statistics"": {""correlation"": 0.0000, ""avg_width_bytes"": 0, ""distinct_values"": 0.00, ""null_fraction_pct"": 0.00, ""most_common_values"": null}, ""description"": null}"
05_COLUMN,driver_wallets,pending_withdrawal,"{""type"": {""udt_name"": ""numeric"", ""data_type"": ""numeric"", ""numeric_scale"": 2, ""char_max_length"": null, ""numeric_precision"": 12}, ""default"": ""0"", ""identity"": null, ""nullable"": false, ""position"": 6, ""generated"": null, ""statistics"": {""correlation"": 0.0000, ""avg_width_bytes"": 0, ""distinct_values"": 0.00, ""null_fraction_pct"": 0.00, ""most_common_values"": null}, ""description"": null}"
05_COLUMN,drivers_profile,criminal_record_url,"{""type"": {""udt_name"": ""text"", ""data_type"": ""text"", ""numeric_scale"": null, ""char_max_length"": null, ""numeric_precision"": null}, ""default"": null, ""identity"": null, ""nullable"": false, ""position"": 6, ""generated"": null, ""statistics"": {""correlation"": 1.0000, ""avg_width_bytes"": 43, ""distinct_values"": -0.33, ""null_fraction_pct"": 0.00, ""most_common_values"": ""{https://placehold.co/400x300?text=Criminal}""}, ""description"": null}"
05_COLUMN,messages,is_read,"{""type"": {""udt_name"": ""bool"", ""data_type"": ""boolean"", ""numeric_scale"": null, ""char_max_length"": null, ""numeric_precision"": null}, ""default"": ""false"", ""identity"": null, ""nullable"": true, ""position"": 6, ""generated"": null, ""statistics"": {""correlation"": 0.0000, ""avg_width_bytes"": 0, ""distinct_values"": 0.00, ""null_fraction_pct"": 0.00, ""most_common_values"": null}, ""description"": null}"
05_COLUMN,messages,is_read,"{""type"": {""udt_name"": ""bool"", ""data_type"": ""boolean"", ""numeric_scale"": null, ""char_max_length"": null, ""numeric_precision"": null}, ""default"": ""false"", ""identity"": null, ""nullable"": true, ""position"": 6, ""generated"": null, ""statistics"": {""correlation"": 0.0000, ""avg_width_bytes"": 0, ""distinct_values"": 0.00, ""null_fraction_pct"": 0.00, ""most_common_values"": null}, ""description"": null}"
05_COLUMN,notifications,is_read,"{""type"": {""udt_name"": ""bool"", ""data_type"": ""boolean"", ""numeric_scale"": null, ""char_max_length"": null, ""numeric_precision"": null}, ""default"": ""false"", ""identity"": null, ""nullable"": true, ""position"": 6, ""generated"": null, ""statistics"": {""correlation"": 0.0000, ""avg_width_bytes"": 0, ""distinct_values"": 0.00, ""null_fraction_pct"": 0.00, ""most_common_values"": null}, ""description"": null}"
05_COLUMN,pricing_config,created_at,"{""type"": {""udt_name"": ""timestamptz"", ""data_type"": ""timestamp with time zone"", ""numeric_scale"": null, ""char_max_length"": null, ""numeric_precision"": null}, ""default"": ""now()"", ""identity"": null, ""nullable"": true, ""position"": 6, ""generated"": null, ""statistics"": {""correlation"": 0.0000, ""avg_width_bytes"": 0, ""distinct_values"": 0.00, ""null_fraction_pct"": 0.00, ""most_common_values"": null}, ""description"": null}"
05_COLUMN,ratings,comment,"{""type"": {""udt_name"": ""text"", ""data_type"": ""text"", ""numeric_scale"": null, ""char_max_length"": null, ""numeric_precision"": null}, ""default"": null, ""identity"": null, ""nullable"": true, ""position"": 6, ""generated"": null, ""statistics"": {""correlation"": 0.0000, ""avg_width_bytes"": 0, ""distinct_values"": 0.00, ""null_fraction_pct"": 0.00, ""most_common_values"": null}, ""description"": null}"
05_COLUMN,trip_offers,responded_at,"{""type"": {""udt_name"": ""timestamptz"", ""data_type"": ""timestamp with time zone"", ""numeric_scale"": null, ""char_max_length"": null, ""numeric_precision"": null}, ""default"": null, ""identity"": null, ""nullable"": true, ""position"": 6, ""generated"": null, ""statistics"": {""correlation"": 1.0000, ""avg_width_bytes"": 8, ""distinct_values"": 5.00, ""null_fraction_pct"": 90.00, ""most_common_values"": ""{\""2026-04-26 14:10:43.791058+00\""}""}, ""description"": null}"
05_COLUMN,trips,pickup_lng,"{""type"": {""udt_name"": ""numeric"", ""data_type"": ""numeric"", ""numeric_scale"": 8, ""char_max_length"": null, ""numeric_precision"": 11}, ""default"": null, ""identity"": null, ""nullable"": false, ""position"": 6, ""generated"": null, ""statistics"": {""correlation"": 0.9978, ""avg_width_bytes"": 8, ""distinct_values"": 3.00, ""null_fraction_pct"": 0.00, ""most_common_values"": ""{31.27338800,31.23570000}""}, ""description"": null}"
05_COLUMN,user_coupons,used_at,"{""type"": {""udt_name"": ""timestamptz"", ""data_type"": ""timestamp with time zone"", ""numeric_scale"": null, ""char_max_length"": null, ""numeric_precision"": null}, ""default"": null, ""identity"": null, ""nullable"": true, ""position"": 6, ""generated"": null, ""statistics"": {""correlation"": 0.0000, ""avg_width_bytes"": 0, ""distinct_values"": 0.00, ""null_fraction_pct"": 0.00, ""most_common_values"": null}, ""description"": null}"
05_COLUMN,users,role,"{""type"": {""udt_name"": ""varchar"", ""data_type"": ""character varying"", ""numeric_scale"": null, ""char_max_length"": 20, ""numeric_precision"": null}, ""default"": ""'user'::character varying"", ""identity"": null, ""nullable"": false, ""position"": 6, ""generated"": null, ""statistics"": {""correlation"": 0.2143, ""avg_width_bytes"": 5, ""distinct_values"": -0.29, ""null_fraction_pct"": 0.00, ""most_common_values"": ""{user,driver}""}, ""description"": null}"
05_COLUMN,users,role,"{""type"": {""udt_name"": ""varchar"", ""data_type"": ""character varying"", ""numeric_scale"": null, ""char_max_length"": 20, ""numeric_precision"": null}, ""default"": ""'user'::character varying"", ""identity"": null, ""nullable"": false, ""position"": 6, ""generated"": null, ""statistics"": {""correlation"": 0.2143, ""avg_width_bytes"": 5, ""distinct_values"": -0.29, ""null_fraction_pct"": 0.00, ""most_common_values"": ""{user,driver}""}, ""description"": null}"
05_COLUMN,vehicle_types,price_per_km,"{""type"": {""udt_name"": ""numeric"", ""data_type"": ""numeric"", ""numeric_scale"": 2, ""char_max_length"": null, ""numeric_precision"": 10}, ""default"": ""0"", ""identity"": null, ""nullable"": false, ""position"": 6, ""generated"": null, ""statistics"": {""correlation"": 1.0000, ""avg_width_bytes"": 5, ""distinct_values"": -1.00, ""null_fraction_pct"": 0.00, ""most_common_values"": null}, ""description"": null}"
05_COLUMN,wallet_transactions,balance_before,"{""type"": {""udt_name"": ""numeric"", ""data_type"": ""numeric"", ""numeric_scale"": 2, ""char_max_length"": null, ""numeric_precision"": 12}, ""default"": null, ""identity"": null, ""nullable"": false, ""position"": 6, ""generated"": null, ""statistics"": {""correlation"": 0.0000, ""avg_width_bytes"": 0, ""distinct_values"": 0.00, ""null_fraction_pct"": 0.00, ""most_common_values"": null}, ""description"": null}"
05_COLUMN,withdrawal_requests,payment_method,"{""type"": {""udt_name"": ""withdrawal_method"", ""data_type"": ""USER-DEFINED"", ""numeric_scale"": null, ""char_max_length"": null, ""numeric_precision"": null}, ""default"": null, ""identity"": null, ""nullable"": false, ""position"": 6, ""generated"": null, ""statistics"": {""correlation"": 0.0000, ""avg_width_bytes"": 0, ""distinct_values"": 0.00, ""null_fraction_pct"": 0.00, ""most_common_values"": null}, ""description"": null}"
06_CONSTRAINT_KEY,admin_logs,admin_logs_pkey,"{""type"": ""PRIMARY KEY"", ""columns"": [""id""], ""deferrable"": false, ""initially_deferred"": false}"
06_CONSTRAINT_KEY,complaints,complaints_pkey,"{""type"": ""PRIMARY KEY"", ""columns"": [""id""], ""deferrable"": false, ""initially_deferred"": false}"
06_CONSTRAINT_KEY,coupon_usages,coupon_usages_pkey,"{""type"": ""PRIMARY KEY"", ""columns"": [""id""], ""deferrable"": false, ""initially_deferred"": false}"
06_CONSTRAINT_KEY,coupon_usages,uq_coupon_usages_trip,"{""type"": ""UNIQUE"", ""columns"": [""trip_id""], ""deferrable"": false, ""initially_deferred"": false}"
06_CONSTRAINT_KEY,coupons,coupons_code_key,"{""type"": ""UNIQUE"", ""columns"": [""code""], ""deferrable"": false, ""initially_deferred"": false}"
06_CONSTRAINT_KEY,coupons,coupons_pkey,"{""type"": ""PRIMARY KEY"", ""columns"": [""id""], ""deferrable"": false, ""initially_deferred"": false}"
06_CONSTRAINT_KEY,driver_locations,driver_locations_driver_id_unique,"{""type"": ""UNIQUE"", ""columns"": [""driver_id""], ""deferrable"": false, ""initially_deferred"": false}"
06_CONSTRAINT_KEY,driver_locations,driver_locations_pkey,"{""type"": ""PRIMARY KEY"", ""columns"": [""id""], ""deferrable"": false, ""initially_deferred"": false}"
06_CONSTRAINT_KEY,driver_revision_requests,driver_revision_requests_pkey,"{""type"": ""PRIMARY KEY"", ""columns"": [""id""], ""deferrable"": false, ""initially_deferred"": false}"
06_CONSTRAINT_KEY,driver_wallets,driver_wallets_pkey,"{""type"": ""PRIMARY KEY"", ""columns"": [""id""], ""deferrable"": false, ""initially_deferred"": false}"
06_CONSTRAINT_KEY,drivers_profile,drivers_profile_pkey,"{""type"": ""PRIMARY KEY"", ""columns"": [""id""], ""deferrable"": false, ""initially_deferred"": false}"
06_CONSTRAINT_KEY,messages,messages_pkey,"{""type"": ""PRIMARY KEY"", ""columns"": [""id""], ""deferrable"": false, ""initially_deferred"": false}"
06_CONSTRAINT_KEY,notifications,notifications_pkey,"{""type"": ""PRIMARY KEY"", ""columns"": [""id""], ""deferrable"": false, ""initially_deferred"": false}"
06_CONSTRAINT_KEY,pricing_config,pricing_config_pkey,"{""type"": ""PRIMARY KEY"", ""columns"": [""id""], ""deferrable"": false, ""initially_deferred"": false}"
06_CONSTRAINT_KEY,pricing_config,pricing_config_vehicle_type_key,"{""type"": ""UNIQUE"", ""columns"": [""vehicle_type""], ""deferrable"": false, ""initially_deferred"": false}"
06_CONSTRAINT_KEY,ratings,ratings_pkey,"{""type"": ""PRIMARY KEY"", ""columns"": [""id""], ""deferrable"": false, ""initially_deferred"": false}"
06_CONSTRAINT_KEY,ratings,uq_ratings_trip_user,"{""type"": ""UNIQUE"", ""columns"": [""trip_id"", ""user_id""], ""deferrable"": false, ""initially_deferred"": false}"
06_CONSTRAINT_KEY,support_messages,support_messages_pkey,"{""type"": ""PRIMARY KEY"", ""columns"": [""id""], ""deferrable"": false, ""initially_deferred"": false}"
06_CONSTRAINT_KEY,trip_offers,trip_offers_pkey,"{""type"": ""PRIMARY KEY"", ""columns"": [""id""], ""deferrable"": false, ""initially_deferred"": false}"
06_CONSTRAINT_KEY,trip_offers,uq_trip_offers_trip_driver,"{""type"": ""UNIQUE"", ""columns"": [""trip_id"", ""driver_id""], ""deferrable"": false, ""initially_deferred"": false}"
06_CONSTRAINT_KEY,trips,trips_pkey,"{""type"": ""PRIMARY KEY"", ""columns"": [""id""], ""deferrable"": false, ""initially_deferred"": false}"
06_CONSTRAINT_KEY,user_coupons,uq_user_coupons_user_coupon,"{""type"": ""UNIQUE"", ""columns"": [""user_id"", ""coupon_id""], ""deferrable"": false, ""initially_deferred"": false}"
06_CONSTRAINT_KEY,user_coupons,user_coupons_pkey,"{""type"": ""PRIMARY KEY"", ""columns"": [""id""], ""deferrable"": false, ""initially_deferred"": false}"
06_CONSTRAINT_KEY,user_presence,user_presence_pkey,"{""type"": ""PRIMARY KEY"", ""columns"": [""user_id""], ""deferrable"": false, ""initially_deferred"": false}"
06_CONSTRAINT_KEY,user_wallets,user_wallets_pkey,"{""type"": ""PRIMARY KEY"", ""columns"": [""id""], ""deferrable"": false, ""initially_deferred"": false}"
06_CONSTRAINT_KEY,users,users_pkey,"{""type"": ""PRIMARY KEY"", ""columns"": [""id""], ""deferrable"": false, ""initially_deferred"": false}"
06_CONSTRAINT_KEY,vehicle_types,vehicle_types_name_key,"{""type"": ""UNIQUE"", ""columns"": [""name""], ""deferrable"": false, ""initially_deferred"": false}"
06_CONSTRAINT_KEY,vehicle_types,vehicle_types_pkey,"{""type"": ""PRIMARY KEY"", ""columns"": [""id""], ""deferrable"": false, ""initially_deferred"": false}"
06_CONSTRAINT_KEY,wallet_transactions,wallet_transactions_pkey,"{""type"": ""PRIMARY KEY"", ""columns"": [""id""], ""deferrable"": false, ""initially_deferred"": false}"
06_CONSTRAINT_KEY,withdrawal_requests,unique_idempotency,"{""type"": ""UNIQUE"", ""columns"": [""idempotency_key""], ""deferrable"": false, ""initially_deferred"": false}"
06_CONSTRAINT_KEY,withdrawal_requests,withdrawal_requests_pkey,"{""type"": ""PRIMARY KEY"", ""columns"": [""id""], ""deferrable"": false, ""initially_deferred"": false}"
05_COLUMN,admin_logs,new_data,"{""type"": {""udt_name"": ""jsonb"", ""data_type"": ""jsonb"", ""numeric_scale"": null, ""char_max_length"": null, ""numeric_precision"": null}, ""default"": null, ""identity"": null, ""nullable"": true, ""position"": 7, ""generated"": null, ""statistics"": {""correlation"": 0.0000, ""avg_width_bytes"": 0, ""distinct_values"": 0.00, ""null_fraction_pct"": 0.00, ""most_common_values"": null}, ""description"": null}"
05_COLUMN,complaints,created_at,"{""type"": {""udt_name"": ""timestamptz"", ""data_type"": ""timestamp with time zone"", ""numeric_scale"": null, ""char_max_length"": null, ""numeric_precision"": null}, ""default"": ""now()"", ""identity"": null, ""nullable"": false, ""position"": 7, ""generated"": null, ""statistics"": {""correlation"": 0.0000, ""avg_width_bytes"": 0, ""distinct_values"": 0.00, ""null_fraction_pct"": 0.00, ""most_common_values"": null}, ""description"": null}"
05_COLUMN,coupons,used_count,"{""type"": {""udt_name"": ""int4"", ""data_type"": ""integer"", ""numeric_scale"": 0, ""char_max_length"": null, ""numeric_precision"": 32}, ""default"": ""0"", ""identity"": null, ""nullable"": false, ""position"": 7, ""generated"": null, ""statistics"": {""correlation"": 0.0000, ""avg_width_bytes"": 0, ""distinct_values"": 0.00, ""null_fraction_pct"": 0.00, ""most_common_values"": null}, ""description"": null}"
05_COLUMN,driver_locations,created_at,"{""type"": {""udt_name"": ""timestamptz"", ""data_type"": ""timestamp with time zone"", ""numeric_scale"": null, ""char_max_length"": null, ""numeric_precision"": null}, ""default"": ""now()"", ""identity"": null, ""nullable"": true, ""position"": 7, ""generated"": null, ""statistics"": {""correlation"": -1.0000, ""avg_width_bytes"": 8, ""distinct_values"": -1.00, ""null_fraction_pct"": 0.00, ""most_common_values"": null}, ""description"": null}"
05_COLUMN,driver_revision_requests,resolved_at,"{""type"": {""udt_name"": ""timestamptz"", ""data_type"": ""timestamp with time zone"", ""numeric_scale"": null, ""char_max_length"": null, ""numeric_precision"": null}, ""default"": null, ""identity"": null, ""nullable"": true, ""position"": 7, ""generated"": null, ""statistics"": {""correlation"": 0.0000, ""avg_width_bytes"": 0, ""distinct_values"": 0.00, ""null_fraction_pct"": 0.00, ""most_common_values"": null}, ""description"": null}"
05_COLUMN,driver_wallets,updated_at,"{""type"": {""udt_name"": ""timestamptz"", ""data_type"": ""timestamp with time zone"", ""numeric_scale"": null, ""char_max_length"": null, ""numeric_precision"": null}, ""default"": ""now()"", ""identity"": null, ""nullable"": false, ""position"": 7, ""generated"": null, ""statistics"": {""correlation"": 0.0000, ""avg_width_bytes"": 0, ""distinct_values"": 0.00, ""null_fraction_pct"": 0.00, ""most_common_values"": null}, ""description"": null}"
05_COLUMN,drivers_profile,vehicle_type,"{""type"": {""udt_name"": ""varchar"", ""data_type"": ""character varying"", ""numeric_scale"": null, ""char_max_length"": 50, ""numeric_precision"": null}, ""default"": null, ""identity"": null, ""nullable"": false, ""position"": 7, ""generated"": null, ""statistics"": {""correlation"": 0.5000, ""avg_width_bytes"": 4, ""distinct_values"": -0.67, ""null_fraction_pct"": 0.00, ""most_common_values"": ""{car}""}, ""description"": null}"
05_COLUMN,messages,created_at,"{""type"": {""udt_name"": ""timestamptz"", ""data_type"": ""timestamp with time zone"", ""numeric_scale"": null, ""char_max_length"": null, ""numeric_precision"": null}, ""default"": ""now()"", ""identity"": null, ""nullable"": true, ""position"": 7, ""generated"": null, ""statistics"": {""correlation"": 0.0000, ""avg_width_bytes"": 0, ""distinct_values"": 0.00, ""null_fraction_pct"": 0.00, ""most_common_values"": null}, ""description"": null}"
05_COLUMN,messages,created_at,"{""type"": {""udt_name"": ""timestamptz"", ""data_type"": ""timestamp with time zone"", ""numeric_scale"": null, ""char_max_length"": null, ""numeric_precision"": null}, ""default"": ""now()"", ""identity"": null, ""nullable"": true, ""position"": 7, ""generated"": null, ""statistics"": {""correlation"": 0.0000, ""avg_width_bytes"": 0, ""distinct_values"": 0.00, ""null_fraction_pct"": 0.00, ""most_common_values"": null}, ""description"": null}"
05_COLUMN,notifications,reference_id,"{""type"": {""udt_name"": ""uuid"", ""data_type"": ""uuid"", ""numeric_scale"": null, ""char_max_length"": null, ""numeric_precision"": null}, ""default"": null, ""identity"": null, ""nullable"": true, ""position"": 7, ""generated"": null, ""statistics"": {""correlation"": 0.0000, ""avg_width_bytes"": 0, ""distinct_values"": 0.00, ""null_fraction_pct"": 0.00, ""most_common_values"": null}, ""description"": null}"
05_COLUMN,pricing_config,updated_at,"{""type"": {""udt_name"": ""timestamptz"", ""data_type"": ""timestamp with time zone"", ""numeric_scale"": null, ""char_max_length"": null, ""numeric_precision"": null}, ""default"": ""now()"", ""identity"": null, ""nullable"": true, ""position"": 7, ""generated"": null, ""statistics"": {""correlation"": 0.0000, ""avg_width_bytes"": 0, ""distinct_values"": 0.00, ""null_fraction_pct"": 0.00, ""most_common_values"": null}, ""description"": null}"
05_COLUMN,ratings,created_at,"{""type"": {""udt_name"": ""timestamptz"", ""data_type"": ""timestamp with time zone"", ""numeric_scale"": null, ""char_max_length"": null, ""numeric_precision"": null}, ""default"": ""now()"", ""identity"": null, ""nullable"": true, ""position"": 7, ""generated"": null, ""statistics"": {""correlation"": 0.0000, ""avg_width_bytes"": 0, ""distinct_values"": 0.00, ""null_fraction_pct"": 0.00, ""most_common_values"": null}, ""description"": null}"
05_COLUMN,trip_offers,updated_at,"{""type"": {""udt_name"": ""timestamptz"", ""data_type"": ""timestamp with time zone"", ""numeric_scale"": null, ""char_max_length"": null, ""numeric_precision"": null}, ""default"": ""now()"", ""identity"": null, ""nullable"": true, ""position"": 7, ""generated"": null, ""statistics"": {""correlation"": 0.6611, ""avg_width_bytes"": 8, ""distinct_values"": -0.92, ""null_fraction_pct"": 0.00, ""most_common_values"": ""{\""2026-05-02 16:08:03.203939+00\""}""}, ""description"": null}"
05_COLUMN,trips,destination_address,"{""type"": {""udt_name"": ""text"", ""data_type"": ""text"", ""numeric_scale"": null, ""char_max_length"": null, ""numeric_precision"": null}, ""default"": null, ""identity"": null, ""nullable"": false, ""position"": 7, ""generated"": null, ""statistics"": {""correlation"": -0.0424, ""avg_width_bytes"": 44, ""distinct_values"": -0.79, ""null_fraction_pct"": 0.00, ""most_common_values"": ""{\""Al Wafa' Street 19, Bahteem, Al Qalyubia\"",\""Abdul Moneim Riad Square، Al Ismalia، Cairo\"",\""Al Amir A""}, ""description"": null}"
05_COLUMN,users,rating,"{""type"": {""udt_name"": ""numeric"", ""data_type"": ""numeric"", ""numeric_scale"": 2, ""char_max_length"": null, ""numeric_precision"": 3}, ""default"": ""5.00"", ""identity"": null, ""nullable"": true, ""position"": 7, ""generated"": null, ""statistics"": {""correlation"": 1.0000, ""avg_width_bytes"": 5, ""distinct_values"": -0.14, ""null_fraction_pct"": 0.00, ""most_common_values"": ""{5.00}""}, ""description"": null}"
05_COLUMN,users,rating,"{""type"": {""udt_name"": ""numeric"", ""data_type"": ""numeric"", ""numeric_scale"": 2, ""char_max_length"": null, ""numeric_precision"": 3}, ""default"": ""5.00"", ""identity"": null, ""nullable"": true, ""position"": 7, ""generated"": null, ""statistics"": {""correlation"": 1.0000, ""avg_width_bytes"": 5, ""distinct_values"": -0.14, ""null_fraction_pct"": 0.00, ""most_common_values"": ""{5.00}""}, ""description"": null}"
05_COLUMN,vehicle_types,is_active,"{""type"": {""udt_name"": ""bool"", ""data_type"": ""boolean"", ""numeric_scale"": null, ""char_max_length"": null, ""numeric_precision"": null}, ""default"": ""true"", ""identity"": null, ""nullable"": false, ""position"": 7, ""generated"": null, ""statistics"": {""correlation"": 1.0000, ""avg_width_bytes"": 1, ""distinct_values"": -0.50, ""null_fraction_pct"": 0.00, ""most_common_values"": ""{t}""}, ""description"": null}"
05_COLUMN,wallet_transactions,balance_after,"{""type"": {""udt_name"": ""numeric"", ""data_type"": ""numeric"", ""numeric_scale"": 2, ""char_max_length"": null, ""numeric_precision"": 12}, ""default"": null, ""identity"": null, ""nullable"": false, ""position"": 7, ""generated"": null, ""statistics"": {""correlation"": 0.0000, ""avg_width_bytes"": 0, ""distinct_values"": 0.00, ""null_fraction_pct"": 0.00, ""most_common_values"": null}, ""description"": null}"
05_COLUMN,withdrawal_requests,account_details,"{""type"": {""udt_name"": ""jsonb"", ""data_type"": ""jsonb"", ""numeric_scale"": null, ""char_max_length"": null, ""numeric_precision"": null}, ""default"": null, ""identity"": null, ""nullable"": false, ""position"": 7, ""generated"": null, ""statistics"": {""correlation"": 0.0000, ""avg_width_bytes"": 0, ""distinct_values"": 0.00, ""null_fraction_pct"": 0.00, ""most_common_values"": null}, ""description"": null}"
07_CONSTRAINT_CHECK,coupons,chk_coupons_discount_positive,"{""type"": ""CHECK"", ""enforced"": true, ""expression"": ""(discount_value > (0)::numeric)""}"
07_CONSTRAINT_CHECK,coupons,chk_coupons_max_uses_positive,"{""type"": ""CHECK"", ""enforced"": true, ""expression"": ""((max_uses IS NULL) OR (max_uses >= 0))""}"
07_CONSTRAINT_CHECK,coupons,coupons_discount_type_check,"{""type"": ""CHECK"", ""enforced"": true, ""expression"": ""((discount_type)::text = ANY ((ARRAY['percentage'::character varying, 'fixed'::character varying])::text[]))""}"
07_CONSTRAINT_CHECK,driver_wallets,balance_integrity,"{""type"": ""CHECK"", ""enforced"": true, ""expression"": ""(balance = ((total_earned - total_withdrawn) - pending_withdrawal))""}"
07_CONSTRAINT_CHECK,driver_wallets,balance_non_negative,"{""type"": ""CHECK"", ""enforced"": true, ""expression"": ""(balance >= (0)::numeric)""}"
07_CONSTRAINT_CHECK,driver_wallets,valid_commission,"{""type"": ""CHECK"", ""enforced"": true, ""expression"": ""((commission_rate >= (0)::numeric) AND (commission_rate <= (1)::numeric))""}"
07_CONSTRAINT_CHECK,drivers_profile,chk_drivers_vehicle_year,"{""type"": ""CHECK"", ""enforced"": true, ""expression"": ""((vehicle_year >= 1900) AND ((vehicle_year)::numeric <= (EXTRACT(year FROM CURRENT_DATE) + (1)::numeric)))""}"
07_CONSTRAINT_CHECK,messages,chk_messages_sender_ne_receiver,"{""type"": ""CHECK"", ""enforced"": true, ""expression"": ""(sender_id <> receiver_id)""}"
07_CONSTRAINT_CHECK,notifications,notifications_type_check,"{""type"": ""CHECK"", ""enforced"": true, ""expression"": ""((type)::text = ANY ((ARRAY['general'::character varying, 'trip'::character varying, 'promo'::character varying, 'system'::character varying, 'trip_offer'::character varying, 'offer_accepted'::character varying, 'driver_arriving'::character varying, 'trip_started'::character varying, 'trip_completed'::character varying, 'trip_cancelled'::character varying, 'no_drivers'::character varying, 'new_message'::character varying, 'account_verified'::character varying])::text[]))""}"
07_CONSTRAINT_CHECK,ratings,chk_ratings_rating_range,"{""type"": ""CHECK"", ""enforced"": true, ""expression"": ""((rating >= (1)::numeric) AND (rating <= (5)::numeric))""}"
07_CONSTRAINT_CHECK,trip_offers,chk_trip_offers_status,"{""type"": ""CHECK"", ""enforced"": true, ""expression"": ""((status)::text = ANY ((ARRAY['pending'::character varying, 'accepted'::character varying, 'rejected'::character varying, 'expired'::character varying])::text[]))""}"
07_CONSTRAINT_CHECK,trips,chk_trips_cancelled_by,"{""type"": ""CHECK"", ""enforced"": true, ""expression"": ""((cancelled_by IS NULL) OR ((cancelled_by)::text = ANY ((ARRAY['user'::character varying, 'driver'::character varying, 'system'::character varying, 'admin'::character varying])::text[])))""}"
07_CONSTRAINT_CHECK,trips,chk_trips_distance_positive,"{""type"": ""CHECK"", ""enforced"": true, ""expression"": ""(distance_km >= (0)::numeric)""}"
07_CONSTRAINT_CHECK,trips,chk_trips_final_price_positive,"{""type"": ""CHECK"", ""enforced"": true, ""expression"": ""((final_price IS NULL) OR (final_price >= (0)::numeric))""}"
07_CONSTRAINT_CHECK,trips,chk_trips_price_positive,"{""type"": ""CHECK"", ""enforced"": true, ""expression"": ""(price >= (0)::numeric)""}"
07_CONSTRAINT_CHECK,trips,chk_trips_status,"{""type"": ""CHECK"", ""enforced"": true, ""expression"": ""((status)::text = ANY ((ARRAY['searching'::character varying, 'accepted'::character varying, 'in_progress'::character varying, 'completed'::character varying, 'cancelled'::character varying])::text[]))""}"
07_CONSTRAINT_CHECK,trips,trips_driver_rating_to_user_check,"{""type"": ""CHECK"", ""enforced"": true, ""expression"": ""((driver_rating_to_user IS NULL) OR ((driver_rating_to_user >= (1)::numeric) AND (driver_rating_to_user <= (5)::numeric)))""}"
07_CONSTRAINT_CHECK,trips,trips_user_rating_to_driver_check,"{""type"": ""CHECK"", ""enforced"": true, ""expression"": ""((user_rating_to_driver IS NULL) OR ((user_rating_to_driver >= (1)::numeric) AND (user_rating_to_driver <= (5)::numeric)))""}"
07_CONSTRAINT_CHECK,trips,valid_payment_source,"{""type"": ""CHECK"", ""enforced"": true, ""expression"": ""((payment_source)::text = ANY ((ARRAY['cash'::character varying, 'wallet'::character varying])::text[]))""}"
07_CONSTRAINT_CHECK,user_wallets,user_balance_non_negative,"{""type"": ""CHECK"", ""enforced"": true, ""expression"": ""(balance >= (0)::numeric)""}"
07_CONSTRAINT_CHECK,users,chk_users_not_active_and_blocked,"{""type"": ""CHECK"", ""enforced"": true, ""expression"": ""(NOT ((is_active = true) AND (is_blocked = true)))""}"
07_CONSTRAINT_CHECK,users,chk_users_total_trips_positive,"{""type"": ""CHECK"", ""enforced"": true, ""expression"": ""(total_trips >= 0)""}"
07_CONSTRAINT_CHECK,users,users_role_check,"{""type"": ""CHECK"", ""enforced"": true, ""expression"": ""((role)::text = ANY ((ARRAY['user'::character varying, 'driver'::character varying, 'supervisor'::character varying])::text[]))""}"
07_CONSTRAINT_CHECK,wallet_transactions,amount_not_zero,"{""type"": ""CHECK"", ""enforced"": true, ""expression"": ""(amount <> (0)::numeric)""}"
07_CONSTRAINT_CHECK,wallet_transactions,wallet_transactions_wallet_type_check,"{""type"": ""CHECK"", ""enforced"": true, ""expression"": ""((wallet_type)::text = ANY ((ARRAY['driver'::character varying, 'user'::character varying])::text[]))""}"
07_CONSTRAINT_CHECK,withdrawal_requests,withdrawal_min,"{""type"": ""CHECK"", ""enforced"": true, ""expression"": ""(amount >= (50)::numeric)""}"
05_COLUMN,admin_logs,ip_address,"{""type"": {""udt_name"": ""text"", ""data_type"": ""text"", ""numeric_scale"": null, ""char_max_length"": null, ""numeric_precision"": null}, ""default"": null, ""identity"": null, ""nullable"": true, ""position"": 8, ""generated"": null, ""statistics"": {""correlation"": 0.0000, ""avg_width_bytes"": 0, ""distinct_values"": 0.00, ""null_fraction_pct"": 0.00, ""most_common_values"": null}, ""description"": null}"
05_COLUMN,complaints,resolved_at,"{""type"": {""udt_name"": ""timestamptz"", ""data_type"": ""timestamp with time zone"", ""numeric_scale"": null, ""char_max_length"": null, ""numeric_precision"": null}, ""default"": null, ""identity"": null, ""nullable"": true, ""position"": 8, ""generated"": null, ""statistics"": {""correlation"": 0.0000, ""avg_width_bytes"": 0, ""distinct_values"": 0.00, ""null_fraction_pct"": 0.00, ""most_common_values"": null}, ""description"": null}"
05_COLUMN,coupons,expires_at,"{""type"": {""udt_name"": ""timestamptz"", ""data_type"": ""timestamp with time zone"", ""numeric_scale"": null, ""char_max_length"": null, ""numeric_precision"": null}, ""default"": null, ""identity"": null, ""nullable"": true, ""position"": 8, ""generated"": null, ""statistics"": {""correlation"": 0.0000, ""avg_width_bytes"": 0, ""distinct_values"": 0.00, ""null_fraction_pct"": 0.00, ""most_common_values"": null}, ""description"": null}"
05_COLUMN,driver_locations,updated_at,"{""type"": {""udt_name"": ""timestamptz"", ""data_type"": ""timestamp with time zone"", ""numeric_scale"": null, ""char_max_length"": null, ""numeric_precision"": null}, ""default"": ""now()"", ""identity"": null, ""nullable"": true, ""position"": 8, ""generated"": null, ""statistics"": {""correlation"": -1.0000, ""avg_width_bytes"": 8, ""distinct_values"": -1.00, ""null_fraction_pct"": 0.00, ""most_common_values"": null}, ""description"": null}"
05_COLUMN,drivers_profile,vehicle_brand,"{""type"": {""udt_name"": ""varchar"", ""data_type"": ""character varying"", ""numeric_scale"": null, ""char_max_length"": 50, ""numeric_precision"": null}, ""default"": null, ""identity"": null, ""nullable"": false, ""position"": 8, ""generated"": null, ""statistics"": {""correlation"": -1.0000, ""avg_width_bytes"": 7, ""distinct_values"": -1.00, ""null_fraction_pct"": 0.00, ""most_common_values"": null}, ""description"": null}"
05_COLUMN,notifications,created_at,"{""type"": {""udt_name"": ""timestamptz"", ""data_type"": ""timestamp with time zone"", ""numeric_scale"": null, ""char_max_length"": null, ""numeric_precision"": null}, ""default"": ""now()"", ""identity"": null, ""nullable"": true, ""position"": 8, ""generated"": null, ""statistics"": {""correlation"": 0.0000, ""avg_width_bytes"": 0, ""distinct_values"": 0.00, ""null_fraction_pct"": 0.00, ""most_common_values"": null}, ""description"": null}"
05_COLUMN,trips,destination_lat,"{""type"": {""udt_name"": ""numeric"", ""data_type"": ""numeric"", ""numeric_scale"": 8, ""char_max_length"": null, ""numeric_precision"": 10}, ""default"": null, ""identity"": null, ""nullable"": false, ""position"": 8, ""generated"": null, ""statistics"": {""correlation"": 0.5329, ""avg_width_bytes"": 9, ""distinct_values"": -0.95, ""null_fraction_pct"": 0.00, ""most_common_values"": ""{30.14610570,30.14640259,30.14724395}""}, ""description"": null}"
05_COLUMN,users,total_trips,"{""type"": {""udt_name"": ""int4"", ""data_type"": ""integer"", ""numeric_scale"": 0, ""char_max_length"": null, ""numeric_precision"": 32}, ""default"": ""0"", ""identity"": null, ""nullable"": false, ""position"": 8, ""generated"": null, ""statistics"": {""correlation"": 1.0000, ""avg_width_bytes"": 4, ""distinct_values"": -0.29, ""null_fraction_pct"": 0.00, ""most_common_values"": ""{0,1}""}, ""description"": null}"
05_COLUMN,users,total_trips,"{""type"": {""udt_name"": ""int4"", ""data_type"": ""integer"", ""numeric_scale"": 0, ""char_max_length"": null, ""numeric_precision"": 32}, ""default"": ""0"", ""identity"": null, ""nullable"": false, ""position"": 8, ""generated"": null, ""statistics"": {""correlation"": 1.0000, ""avg_width_bytes"": 4, ""distinct_values"": -0.29, ""null_fraction_pct"": 0.00, ""most_common_values"": ""{0,1}""}, ""description"": null}"
05_COLUMN,vehicle_types,sort_order,"{""type"": {""udt_name"": ""int4"", ""data_type"": ""integer"", ""numeric_scale"": 0, ""char_max_length"": null, ""numeric_precision"": 32}, ""default"": ""0"", ""identity"": null, ""nullable"": false, ""position"": 8, ""generated"": null, ""statistics"": {""correlation"": 1.0000, ""avg_width_bytes"": 4, ""distinct_values"": -1.00, ""null_fraction_pct"": 0.00, ""most_common_values"": null}, ""description"": null}"
05_COLUMN,wallet_transactions,reference_id,"{""type"": {""udt_name"": ""uuid"", ""data_type"": ""uuid"", ""numeric_scale"": null, ""char_max_length"": null, ""numeric_precision"": null}, ""default"": null, ""identity"": null, ""nullable"": true, ""position"": 8, ""generated"": null, ""statistics"": {""correlation"": 0.0000, ""avg_width_bytes"": 0, ""distinct_values"": 0.00, ""null_fraction_pct"": 0.00, ""most_common_values"": null}, ""description"": null}"
05_COLUMN,withdrawal_requests,admin_id,"{""type"": {""udt_name"": ""uuid"", ""data_type"": ""uuid"", ""numeric_scale"": null, ""char_max_length"": null, ""numeric_precision"": null}, ""default"": null, ""identity"": null, ""nullable"": true, ""position"": 8, ""generated"": null, ""statistics"": {""correlation"": 0.0000, ""avg_width_bytes"": 0, ""distinct_values"": 0.00, ""null_fraction_pct"": 0.00, ""most_common_values"": null}, ""description"": null}"
08_FK_OUTGOING,admin_logs,admin_logs_admin_id_fkey,"{""rules"": {""on_delete"": ""CASCADE"", ""on_update"": ""NO ACTION"", ""match_type"": ""NONE""}, ""source"": {""table"": ""admin_logs"", ""columns"": [""admin_id""]}, ""target"": {""table"": ""users"", ""columns"": [""id""]}, ""direction"": ""OUTGOING"", ""cardinality"": {""source_rows"": 0, ""target_rows"": 7}, ""relationship_type"": ""MANY_TO_ONE""}"
08_FK_OUTGOING,complaints,complaints_admin_id_fkey,"{""rules"": {""on_delete"": ""SET NULL"", ""on_update"": ""NO ACTION"", ""match_type"": ""NONE""}, ""source"": {""table"": ""complaints"", ""columns"": [""admin_id""]}, ""target"": {""table"": ""users"", ""columns"": [""id""]}, ""direction"": ""OUTGOING"", ""cardinality"": {""source_rows"": 0, ""target_rows"": 7}, ""relationship_type"": ""MANY_TO_ONE""}"
08_FK_OUTGOING,complaints,complaints_trip_id_fkey,"{""rules"": {""on_delete"": ""CASCADE"", ""on_update"": ""NO ACTION"", ""match_type"": ""NONE""}, ""source"": {""table"": ""complaints"", ""columns"": [""trip_id""]}, ""target"": {""table"": ""trips"", ""columns"": [""id""]}, ""direction"": ""OUTGOING"", ""cardinality"": {""source_rows"": 0, ""target_rows"": 73}, ""relationship_type"": ""MANY_TO_ONE""}"
08_FK_OUTGOING,complaints,complaints_user_id_fkey,"{""rules"": {""on_delete"": ""CASCADE"", ""on_update"": ""NO ACTION"", ""match_type"": ""NONE""}, ""source"": {""table"": ""complaints"", ""columns"": [""user_id""]}, ""target"": {""table"": ""users"", ""columns"": [""id""]}, ""direction"": ""OUTGOING"", ""cardinality"": {""source_rows"": 0, ""target_rows"": 7}, ""relationship_type"": ""MANY_TO_ONE""}"
08_FK_OUTGOING,coupon_usages,coupon_usages_trip_id_fkey,"{""rules"": {""on_delete"": ""CASCADE"", ""on_update"": ""NO ACTION"", ""match_type"": ""NONE""}, ""source"": {""table"": ""coupon_usages"", ""columns"": [""trip_id""]}, ""target"": {""table"": ""trips"", ""columns"": [""id""]}, ""direction"": ""OUTGOING"", ""cardinality"": {""source_rows"": 0, ""target_rows"": 73}, ""relationship_type"": ""ONE_TO_ONE""}"
08_FK_OUTGOING,coupon_usages,coupon_usages_user_coupon_id_fkey,"{""rules"": {""on_delete"": ""CASCADE"", ""on_update"": ""NO ACTION"", ""match_type"": ""NONE""}, ""source"": {""table"": ""coupon_usages"", ""columns"": [""user_coupon_id""]}, ""target"": {""table"": ""user_coupons"", ""columns"": [""id""]}, ""direction"": ""OUTGOING"", ""cardinality"": {""source_rows"": 0, ""target_rows"": 0}, ""relationship_type"": ""MANY_TO_ONE""}"
08_FK_OUTGOING,driver_locations,driver_locations_driver_id_fkey,"{""rules"": {""on_delete"": ""CASCADE"", ""on_update"": ""NO ACTION"", ""match_type"": ""NONE""}, ""source"": {""table"": ""driver_locations"", ""columns"": [""driver_id""]}, ""target"": {""table"": ""drivers_profile"", ""columns"": [""id""]}, ""direction"": ""OUTGOING"", ""cardinality"": {""source_rows"": 2, ""target_rows"": 3}, ""relationship_type"": ""ONE_TO_ONE""}"
08_FK_OUTGOING,driver_revision_requests,driver_revision_requests_driver_id_fkey,"{""rules"": {""on_delete"": ""CASCADE"", ""on_update"": ""NO ACTION"", ""match_type"": ""NONE""}, ""source"": {""table"": ""driver_revision_requests"", ""columns"": [""driver_id""]}, ""target"": {""table"": ""users"", ""columns"": [""id""]}, ""direction"": ""OUTGOING"", ""cardinality"": {""source_rows"": 0, ""target_rows"": 7}, ""relationship_type"": ""MANY_TO_ONE""}"
08_FK_OUTGOING,driver_wallets,driver_wallets_id_fkey,"{""rules"": {""on_delete"": ""CASCADE"", ""on_update"": ""NO ACTION"", ""match_type"": ""NONE""}, ""source"": {""table"": ""driver_wallets"", ""columns"": [""id""]}, ""target"": {""table"": ""users"", ""columns"": [""id""]}, ""direction"": ""OUTGOING"", ""cardinality"": {""source_rows"": 3, ""target_rows"": 7}, ""relationship_type"": ""MANY_TO_ONE""}"
08_FK_OUTGOING,drivers_profile,drivers_profile_id_fkey,"{""rules"": {""on_delete"": ""CASCADE"", ""on_update"": ""NO ACTION"", ""match_type"": ""NONE""}, ""source"": {""table"": ""drivers_profile"", ""columns"": [""id""]}, ""target"": {""table"": ""users"", ""columns"": [""id""]}, ""direction"": ""OUTGOING"", ""cardinality"": {""source_rows"": 3, ""target_rows"": 7}, ""relationship_type"": ""MANY_TO_ONE""}"
08_FK_OUTGOING,messages,messages_receiver_id_fkey,"{""rules"": {""on_delete"": ""CASCADE"", ""on_update"": ""NO ACTION"", ""match_type"": ""NONE""}, ""source"": {""table"": ""messages"", ""columns"": [""receiver_id""]}, ""target"": {""table"": ""users"", ""columns"": [""id""]}, ""direction"": ""OUTGOING"", ""cardinality"": {""source_rows"": 0, ""target_rows"": 7}, ""relationship_type"": ""MANY_TO_ONE""}"
08_FK_OUTGOING,messages,messages_sender_id_fkey,"{""rules"": {""on_delete"": ""CASCADE"", ""on_update"": ""NO ACTION"", ""match_type"": ""NONE""}, ""source"": {""table"": ""messages"", ""columns"": [""sender_id""]}, ""target"": {""table"": ""users"", ""columns"": [""id""]}, ""direction"": ""OUTGOING"", ""cardinality"": {""source_rows"": 0, ""target_rows"": 7}, ""relationship_type"": ""MANY_TO_ONE""}"
08_FK_OUTGOING,messages,messages_trip_id_fkey,"{""rules"": {""on_delete"": ""SET NULL"", ""on_update"": ""NO ACTION"", ""match_type"": ""NONE""}, ""source"": {""table"": ""messages"", ""columns"": [""trip_id""]}, ""target"": {""table"": ""trips"", ""columns"": [""id""]}, ""direction"": ""OUTGOING"", ""cardinality"": {""source_rows"": 0, ""target_rows"": 73}, ""relationship_type"": ""MANY_TO_ONE""}"
08_FK_OUTGOING,notifications,notifications_user_id_fkey,"{""rules"": {""on_delete"": ""CASCADE"", ""on_update"": ""NO ACTION"", ""match_type"": ""NONE""}, ""source"": {""table"": ""notifications"", ""columns"": [""user_id""]}, ""target"": {""table"": ""users"", ""columns"": [""id""]}, ""direction"": ""OUTGOING"", ""cardinality"": {""source_rows"": 0, ""target_rows"": 7}, ""relationship_type"": ""MANY_TO_ONE""}"
08_FK_OUTGOING,pricing_config,fk_pricing_config_vehicle_type,"{""rules"": {""on_delete"": ""RESTRICT"", ""on_update"": ""CASCADE"", ""match_type"": ""NONE""}, ""source"": {""table"": ""pricing_config"", ""columns"": [""vehicle_type""]}, ""target"": {""table"": ""vehicle_types"", ""columns"": [""name""]}, ""direction"": ""OUTGOING"", ""cardinality"": {""source_rows"": 0, ""target_rows"": 4}, ""relationship_type"": ""ONE_TO_ONE""}"
08_FK_OUTGOING,ratings,ratings_driver_id_fkey,"{""rules"": {""on_delete"": ""CASCADE"", ""on_update"": ""NO ACTION"", ""match_type"": ""NONE""}, ""source"": {""table"": ""ratings"", ""columns"": [""driver_id""]}, ""target"": {""table"": ""users"", ""columns"": [""id""]}, ""direction"": ""OUTGOING"", ""cardinality"": {""source_rows"": 2, ""target_rows"": 7}, ""relationship_type"": ""MANY_TO_ONE""}"
08_FK_OUTGOING,ratings,ratings_trip_id_fkey,"{""rules"": {""on_delete"": ""CASCADE"", ""on_update"": ""NO ACTION"", ""match_type"": ""NONE""}, ""source"": {""table"": ""ratings"", ""columns"": [""trip_id""]}, ""target"": {""table"": ""trips"", ""columns"": [""id""]}, ""direction"": ""OUTGOING"", ""cardinality"": {""source_rows"": 2, ""target_rows"": 73}, ""relationship_type"": ""ONE_TO_ONE""}"
08_FK_OUTGOING,ratings,ratings_user_id_fkey,"{""rules"": {""on_delete"": ""CASCADE"", ""on_update"": ""NO ACTION"", ""match_type"": ""NONE""}, ""source"": {""table"": ""ratings"", ""columns"": [""user_id""]}, ""target"": {""table"": ""users"", ""columns"": [""id""]}, ""direction"": ""OUTGOING"", ""cardinality"": {""source_rows"": 2, ""target_rows"": 7}, ""relationship_type"": ""ONE_TO_ONE""}"
08_FK_OUTGOING,support_messages,support_messages_user_id_fkey,"{""rules"": {""on_delete"": ""CASCADE"", ""on_update"": ""NO ACTION"", ""match_type"": ""NONE""}, ""source"": {""table"": ""support_messages"", ""columns"": [""user_id""]}, ""target"": {""table"": ""users"", ""columns"": [""id""]}, ""direction"": ""OUTGOING"", ""cardinality"": {""source_rows"": 1, ""target_rows"": 7}, ""relationship_type"": ""MANY_TO_ONE""}"
08_FK_OUTGOING,trip_offers,trip_offers_driver_id_fkey,"{""rules"": {""on_delete"": ""CASCADE"", ""on_update"": ""NO ACTION"", ""match_type"": ""NONE""}, ""source"": {""table"": ""trip_offers"", ""columns"": [""driver_id""]}, ""target"": {""table"": ""users"", ""columns"": [""id""]}, ""direction"": ""OUTGOING"", ""cardinality"": {""source_rows"": 63, ""target_rows"": 7}, ""relationship_type"": ""ONE_TO_ONE""}"
08_FK_OUTGOING,trip_offers,trip_offers_trip_id_fkey,"{""rules"": {""on_delete"": ""CASCADE"", ""on_update"": ""NO ACTION"", ""match_type"": ""NONE""}, ""source"": {""table"": ""trip_offers"", ""columns"": [""trip_id""]}, ""target"": {""table"": ""trips"", ""columns"": [""id""]}, ""direction"": ""OUTGOING"", ""cardinality"": {""source_rows"": 63, ""target_rows"": 73}, ""relationship_type"": ""ONE_TO_ONE""}"
08_FK_OUTGOING,trips,trips_driver_id_fkey,"{""rules"": {""on_delete"": ""SET NULL"", ""on_update"": ""NO ACTION"", ""match_type"": ""NONE""}, ""source"": {""table"": ""trips"", ""columns"": [""driver_id""]}, ""target"": {""table"": ""users"", ""columns"": [""id""]}, ""direction"": ""OUTGOING"", ""cardinality"": {""source_rows"": 73, ""target_rows"": 7}, ""relationship_type"": ""MANY_TO_ONE""}"
08_FK_OUTGOING,trips,trips_user_id_fkey,"{""rules"": {""on_delete"": ""CASCADE"", ""on_update"": ""NO ACTION"", ""match_type"": ""NONE""}, ""source"": {""table"": ""trips"", ""columns"": [""user_id""]}, ""target"": {""table"": ""users"", ""columns"": [""id""]}, ""direction"": ""OUTGOING"", ""cardinality"": {""source_rows"": 73, ""target_rows"": 7}, ""relationship_type"": ""MANY_TO_ONE""}"
08_FK_OUTGOING,trips,trips_vehicle_type_fk,"{""rules"": {""on_delete"": ""RESTRICT"", ""on_update"": ""NO ACTION"", ""match_type"": ""NONE""}, ""source"": {""table"": ""trips"", ""columns"": [""vehicle_type""]}, ""target"": {""table"": ""vehicle_types"", ""columns"": [""name""]}, ""direction"": ""OUTGOING"", ""cardinality"": {""source_rows"": 73, ""target_rows"": 4}, ""relationship_type"": ""MANY_TO_ONE""}"
08_FK_OUTGOING,user_coupons,user_coupons_coupon_id_fkey,"{""rules"": {""on_delete"": ""CASCADE"", ""on_update"": ""NO ACTION"", ""match_type"": ""NONE""}, ""source"": {""table"": ""user_coupons"", ""columns"": [""coupon_id""]}, ""target"": {""table"": ""coupons"", ""columns"": [""id""]}, ""direction"": ""OUTGOING"", ""cardinality"": {""source_rows"": 0, ""target_rows"": 0}, ""relationship_type"": ""ONE_TO_ONE""}"
08_FK_OUTGOING,user_coupons,user_coupons_user_id_fkey,"{""rules"": {""on_delete"": ""CASCADE"", ""on_update"": ""NO ACTION"", ""match_type"": ""NONE""}, ""source"": {""table"": ""user_coupons"", ""columns"": [""user_id""]}, ""target"": {""table"": ""users"", ""columns"": [""id""]}, ""direction"": ""OUTGOING"", ""cardinality"": {""source_rows"": 0, ""target_rows"": 7}, ""relationship_type"": ""ONE_TO_ONE""}"
08_FK_OUTGOING,user_wallets,user_wallets_id_fkey,"{""rules"": {""on_delete"": ""CASCADE"", ""on_update"": ""NO ACTION"", ""match_type"": ""NONE""}, ""source"": {""table"": ""user_wallets"", ""columns"": [""id""]}, ""target"": {""table"": ""users"", ""columns"": [""id""]}, ""direction"": ""OUTGOING"", ""cardinality"": {""source_rows"": 4, ""target_rows"": 7}, ""relationship_type"": ""MANY_TO_ONE""}"
08_FK_OUTGOING,wallet_transactions,wallet_transactions_wallet_id_fkey,"{""rules"": {""on_delete"": ""RESTRICT"", ""on_update"": ""NO ACTION"", ""match_type"": ""NONE""}, ""source"": {""table"": ""wallet_transactions"", ""columns"": [""wallet_id""]}, ""target"": {""table"": ""users"", ""columns"": [""id""]}, ""direction"": ""OUTGOING"", ""cardinality"": {""source_rows"": 0, ""target_rows"": 7}, ""relationship_type"": ""MANY_TO_ONE""}"
08_FK_OUTGOING,withdrawal_requests,withdrawal_requests_admin_id_fkey,"{""rules"": {""on_delete"": ""SET NULL"", ""on_update"": ""NO ACTION"", ""match_type"": ""NONE""}, ""source"": {""table"": ""withdrawal_requests"", ""columns"": [""admin_id""]}, ""target"": {""table"": ""users"", ""columns"": [""id""]}, ""direction"": ""OUTGOING"", ""cardinality"": {""source_rows"": 0, ""target_rows"": 7}, ""relationship_type"": ""MANY_TO_ONE""}"
08_FK_OUTGOING,withdrawal_requests,withdrawal_requests_driver_id_fkey,"{""rules"": {""on_delete"": ""RESTRICT"", ""on_update"": ""NO ACTION"", ""match_type"": ""NONE""}, ""source"": {""table"": ""withdrawal_requests"", ""columns"": [""driver_id""]}, ""target"": {""table"": ""users"", ""columns"": [""id""]}, ""direction"": ""OUTGOING"", ""cardinality"": {""source_rows"": 0, ""target_rows"": 7}, ""relationship_type"": ""MANY_TO_ONE""}"
08_FK_OUTGOING,withdrawal_requests,withdrawal_requests_transaction_id_fkey,"{""rules"": {""on_delete"": ""SET NULL"", ""on_update"": ""NO ACTION"", ""match_type"": ""NONE""}, ""source"": {""table"": ""withdrawal_requests"", ""columns"": [""transaction_id""]}, ""target"": {""table"": ""wallet_transactions"", ""columns"": [""id""]}, ""direction"": ""OUTGOING"", ""cardinality"": {""source_rows"": 0, ""target_rows"": 0}, ""relationship_type"": ""MANY_TO_ONE""}"
05_COLUMN,admin_logs,user_agent,"{""type"": {""udt_name"": ""text"", ""data_type"": ""text"", ""numeric_scale"": null, ""char_max_length"": null, ""numeric_precision"": null}, ""default"": null, ""identity"": null, ""nullable"": true, ""position"": 9, ""generated"": null, ""statistics"": {""correlation"": 0.0000, ""avg_width_bytes"": 0, ""distinct_values"": 0.00, ""null_fraction_pct"": 0.00, ""most_common_values"": null}, ""description"": null}"
05_COLUMN,complaints,admin_notes,"{""type"": {""udt_name"": ""text"", ""data_type"": ""text"", ""numeric_scale"": null, ""char_max_length"": null, ""numeric_precision"": null}, ""default"": null, ""identity"": null, ""nullable"": true, ""position"": 9, ""generated"": null, ""statistics"": {""correlation"": 0.0000, ""avg_width_bytes"": 0, ""distinct_values"": 0.00, ""null_fraction_pct"": 0.00, ""most_common_values"": null}, ""description"": null}"
05_COLUMN,coupons,is_active,"{""type"": {""udt_name"": ""bool"", ""data_type"": ""boolean"", ""numeric_scale"": null, ""char_max_length"": null, ""numeric_precision"": null}, ""default"": ""true"", ""identity"": null, ""nullable"": false, ""position"": 9, ""generated"": null, ""statistics"": {""correlation"": 0.0000, ""avg_width_bytes"": 0, ""distinct_values"": 0.00, ""null_fraction_pct"": 0.00, ""most_common_values"": null}, ""description"": null}"
05_COLUMN,drivers_profile,vehicle_model,"{""type"": {""udt_name"": ""varchar"", ""data_type"": ""character varying"", ""numeric_scale"": null, ""char_max_length"": 50, ""numeric_precision"": null}, ""default"": null, ""identity"": null, ""nullable"": false, ""position"": 9, ""generated"": null, ""statistics"": {""correlation"": 0.5000, ""avg_width_bytes"": 6, ""distinct_values"": -1.00, ""null_fraction_pct"": 0.00, ""most_common_values"": null}, ""description"": null}"
05_COLUMN,notifications,title_ar,"{""type"": {""udt_name"": ""varchar"", ""data_type"": ""character varying"", ""numeric_scale"": null, ""char_max_length"": 255, ""numeric_precision"": null}, ""default"": null, ""identity"": null, ""nullable"": true, ""position"": 9, ""generated"": null, ""statistics"": {""correlation"": 0.0000, ""avg_width_bytes"": 0, ""distinct_values"": 0.00, ""null_fraction_pct"": 0.00, ""most_common_values"": null}, ""description"": null}"
05_COLUMN,trips,destination_lng,"{""type"": {""udt_name"": ""numeric"", ""data_type"": ""numeric"", ""numeric_scale"": 8, ""char_max_length"": null, ""numeric_precision"": 11}, ""default"": null, ""identity"": null, ""nullable"": false, ""position"": 9, ""generated"": null, ""statistics"": {""correlation"": 0.5248, ""avg_width_bytes"": 9, ""distinct_values"": -0.90, ""null_fraction_pct"": 0.00, ""most_common_values"": ""{31.27218638,31.27210055,31.27248678,31.27277277,31.27291594}""}, ""description"": null}"
05_COLUMN,users,language,"{""type"": {""udt_name"": ""varchar"", ""data_type"": ""character varying"", ""numeric_scale"": null, ""char_max_length"": 10, ""numeric_precision"": null}, ""default"": ""'ar'::character varying"", ""identity"": null, ""nullable"": false, ""position"": 9, ""generated"": null, ""statistics"": {""correlation"": 1.0000, ""avg_width_bytes"": 3, ""distinct_values"": -0.14, ""null_fraction_pct"": 0.00, ""most_common_values"": ""{ar}""}, ""description"": null}"
05_COLUMN,users,language,"{""type"": {""udt_name"": ""varchar"", ""data_type"": ""character varying"", ""numeric_scale"": null, ""char_max_length"": 10, ""numeric_precision"": null}, ""default"": ""'ar'::character varying"", ""identity"": null, ""nullable"": false, ""position"": 9, ""generated"": null, ""statistics"": {""correlation"": 1.0000, ""avg_width_bytes"": 3, ""distinct_values"": -0.14, ""null_fraction_pct"": 0.00, ""most_common_values"": ""{ar}""}, ""description"": null}"
05_COLUMN,vehicle_types,created_at,"{""type"": {""udt_name"": ""timestamptz"", ""data_type"": ""timestamp with time zone"", ""numeric_scale"": null, ""char_max_length"": null, ""numeric_precision"": null}, ""default"": ""now()"", ""identity"": null, ""nullable"": false, ""position"": 9, ""generated"": null, ""statistics"": {""correlation"": 1.0000, ""avg_width_bytes"": 8, ""distinct_values"": -0.50, ""null_fraction_pct"": 0.00, ""most_common_values"": ""{\""2026-04-26 19:04:27.576399+00\""}""}, ""description"": null}"
05_COLUMN,wallet_transactions,reference_type,"{""type"": {""udt_name"": ""varchar"", ""data_type"": ""character varying"", ""numeric_scale"": null, ""char_max_length"": 50, ""numeric_precision"": null}, ""default"": null, ""identity"": null, ""nullable"": true, ""position"": 9, ""generated"": null, ""statistics"": {""correlation"": 0.0000, ""avg_width_bytes"": 0, ""distinct_values"": 0.00, ""null_fraction_pct"": 0.00, ""most_common_values"": null}, ""description"": null}"
05_COLUMN,withdrawal_requests,rejection_reason,"{""type"": {""udt_name"": ""text"", ""data_type"": ""text"", ""numeric_scale"": null, ""char_max_length"": null, ""numeric_precision"": null}, ""default"": null, ""identity"": null, ""nullable"": true, ""position"": 9, ""generated"": null, ""statistics"": {""correlation"": 0.0000, ""avg_width_bytes"": 0, ""distinct_values"": 0.00, ""null_fraction_pct"": 0.00, ""most_common_values"": null}, ""description"": null}"
09_FK_INCOMING,coupons,user_coupons_coupon_id_fkey,"{""rules"": {""on_delete"": ""CASCADE"", ""on_update"": ""NO ACTION""}, ""direction"": ""INCOMING"", ""local_columns"": [""id""], ""referenced_by"": {""table"": ""user_coupons"", ""columns"": [""coupon_id""], ""row_count"": 0}, ""impact_analysis"": {""warning"": ""⚠️ Deleting rows will cascade to user_coupons"", ""cascade_risk"": ""HIGH""}}"
09_FK_INCOMING,drivers_profile,driver_locations_driver_id_fkey,"{""rules"": {""on_delete"": ""CASCADE"", ""on_update"": ""NO ACTION""}, ""direction"": ""INCOMING"", ""local_columns"": [""id""], ""referenced_by"": {""table"": ""driver_locations"", ""columns"": [""driver_id""], ""row_count"": 2}, ""impact_analysis"": {""warning"": ""⚠️ Deleting rows will cascade to driver_locations"", ""cascade_risk"": ""HIGH""}}"
09_FK_INCOMING,trips,complaints_trip_id_fkey,"{""rules"": {""on_delete"": ""CASCADE"", ""on_update"": ""NO ACTION""}, ""direction"": ""INCOMING"", ""local_columns"": [""id""], ""referenced_by"": {""table"": ""complaints"", ""columns"": [""trip_id""], ""row_count"": 0}, ""impact_analysis"": {""warning"": ""⚠️ Deleting rows will cascade to complaints"", ""cascade_risk"": ""HIGH""}}"
09_FK_INCOMING,trips,coupon_usages_trip_id_fkey,"{""rules"": {""on_delete"": ""CASCADE"", ""on_update"": ""NO ACTION""}, ""direction"": ""INCOMING"", ""local_columns"": [""id""], ""referenced_by"": {""table"": ""coupon_usages"", ""columns"": [""trip_id""], ""row_count"": 0}, ""impact_analysis"": {""warning"": ""⚠️ Deleting rows will cascade to coupon_usages"", ""cascade_risk"": ""HIGH""}}"
09_FK_INCOMING,trips,messages_trip_id_fkey,"{""rules"": {""on_delete"": ""SET NULL"", ""on_update"": ""NO ACTION""}, ""direction"": ""INCOMING"", ""local_columns"": [""id""], ""referenced_by"": {""table"": ""messages"", ""columns"": [""trip_id""], ""row_count"": 0}, ""impact_analysis"": {""warning"": null, ""cascade_risk"": ""MEDIUM""}}"
09_FK_INCOMING,trips,ratings_trip_id_fkey,"{""rules"": {""on_delete"": ""CASCADE"", ""on_update"": ""NO ACTION""}, ""direction"": ""INCOMING"", ""local_columns"": [""id""], ""referenced_by"": {""table"": ""ratings"", ""columns"": [""trip_id""], ""row_count"": 2}, ""impact_analysis"": {""warning"": ""⚠️ Deleting rows will cascade to ratings"", ""cascade_risk"": ""HIGH""}}"
09_FK_INCOMING,trips,trip_offers_trip_id_fkey,"{""rules"": {""on_delete"": ""CASCADE"", ""on_update"": ""NO ACTION""}, ""direction"": ""INCOMING"", ""local_columns"": [""id""], ""referenced_by"": {""table"": ""trip_offers"", ""columns"": [""trip_id""], ""row_count"": 63}, ""impact_analysis"": {""warning"": ""⚠️ Deleting rows will cascade to trip_offers"", ""cascade_risk"": ""HIGH""}}"
09_FK_INCOMING,user_coupons,coupon_usages_user_coupon_id_fkey,"{""rules"": {""on_delete"": ""CASCADE"", ""on_update"": ""NO ACTION""}, ""direction"": ""INCOMING"", ""local_columns"": [""id""], ""referenced_by"": {""table"": ""coupon_usages"", ""columns"": [""user_coupon_id""], ""row_count"": 0}, ""impact_analysis"": {""warning"": ""⚠️ Deleting rows will cascade to coupon_usages"", ""cascade_risk"": ""HIGH""}}"
09_FK_INCOMING,users,admin_logs_admin_id_fkey,"{""rules"": {""on_delete"": ""CASCADE"", ""on_update"": ""NO ACTION""}, ""direction"": ""INCOMING"", ""local_columns"": [""id""], ""referenced_by"": {""table"": ""admin_logs"", ""columns"": [""admin_id""], ""row_count"": 0}, ""impact_analysis"": {""warning"": ""⚠️ Deleting rows will cascade to admin_logs"", ""cascade_risk"": ""HIGH""}}"
09_FK_INCOMING,users,complaints_admin_id_fkey,"{""rules"": {""on_delete"": ""SET NULL"", ""on_update"": ""NO ACTION""}, ""direction"": ""INCOMING"", ""local_columns"": [""id""], ""referenced_by"": {""table"": ""complaints"", ""columns"": [""admin_id""], ""row_count"": 0}, ""impact_analysis"": {""warning"": null, ""cascade_risk"": ""MEDIUM""}}"
09_FK_INCOMING,users,complaints_user_id_fkey,"{""rules"": {""on_delete"": ""CASCADE"", ""on_update"": ""NO ACTION""}, ""direction"": ""INCOMING"", ""local_columns"": [""id""], ""referenced_by"": {""table"": ""complaints"", ""columns"": [""user_id""], ""row_count"": 0}, ""impact_analysis"": {""warning"": ""⚠️ Deleting rows will cascade to complaints"", ""cascade_risk"": ""HIGH""}}"
09_FK_INCOMING,users,driver_revision_requests_driver_id_fkey,"{""rules"": {""on_delete"": ""CASCADE"", ""on_update"": ""NO ACTION""}, ""direction"": ""INCOMING"", ""local_columns"": [""id""], ""referenced_by"": {""table"": ""driver_revision_requests"", ""columns"": [""driver_id""], ""row_count"": 0}, ""impact_analysis"": {""warning"": ""⚠️ Deleting rows will cascade to driver_revision_requests"", ""cascade_risk"": ""HIGH""}}"
09_FK_INCOMING,users,driver_wallets_id_fkey,"{""rules"": {""on_delete"": ""CASCADE"", ""on_update"": ""NO ACTION""}, ""direction"": ""INCOMING"", ""local_columns"": [""id""], ""referenced_by"": {""table"": ""driver_wallets"", ""columns"": [""id""], ""row_count"": 3}, ""impact_analysis"": {""warning"": ""⚠️ Deleting rows will cascade to driver_wallets"", ""cascade_risk"": ""HIGH""}}"
09_FK_INCOMING,users,drivers_profile_id_fkey,"{""rules"": {""on_delete"": ""CASCADE"", ""on_update"": ""NO ACTION""}, ""direction"": ""INCOMING"", ""local_columns"": [""id""], ""referenced_by"": {""table"": ""drivers_profile"", ""columns"": [""id""], ""row_count"": 3}, ""impact_analysis"": {""warning"": ""⚠️ Deleting rows will cascade to drivers_profile"", ""cascade_risk"": ""HIGH""}}"
09_FK_INCOMING,users,messages_receiver_id_fkey,"{""rules"": {""on_delete"": ""CASCADE"", ""on_update"": ""NO ACTION""}, ""direction"": ""INCOMING"", ""local_columns"": [""id""], ""referenced_by"": {""table"": ""messages"", ""columns"": [""receiver_id""], ""row_count"": 0}, ""impact_analysis"": {""warning"": ""⚠️ Deleting rows will cascade to messages"", ""cascade_risk"": ""HIGH""}}"
09_FK_INCOMING,users,messages_sender_id_fkey,"{""rules"": {""on_delete"": ""CASCADE"", ""on_update"": ""NO ACTION""}, ""direction"": ""INCOMING"", ""local_columns"": [""id""], ""referenced_by"": {""table"": ""messages"", ""columns"": [""sender_id""], ""row_count"": 0}, ""impact_analysis"": {""warning"": ""⚠️ Deleting rows will cascade to messages"", ""cascade_risk"": ""HIGH""}}"
09_FK_INCOMING,users,notifications_user_id_fkey,"{""rules"": {""on_delete"": ""CASCADE"", ""on_update"": ""NO ACTION""}, ""direction"": ""INCOMING"", ""local_columns"": [""id""], ""referenced_by"": {""table"": ""notifications"", ""columns"": [""user_id""], ""row_count"": 0}, ""impact_analysis"": {""warning"": ""⚠️ Deleting rows will cascade to notifications"", ""cascade_risk"": ""HIGH""}}"
09_FK_INCOMING,users,ratings_driver_id_fkey,"{""rules"": {""on_delete"": ""CASCADE"", ""on_update"": ""NO ACTION""}, ""direction"": ""INCOMING"", ""local_columns"": [""id""], ""referenced_by"": {""table"": ""ratings"", ""columns"": [""driver_id""], ""row_count"": 2}, ""impact_analysis"": {""warning"": ""⚠️ Deleting rows will cascade to ratings"", ""cascade_risk"": ""HIGH""}}"
09_FK_INCOMING,users,ratings_user_id_fkey,"{""rules"": {""on_delete"": ""CASCADE"", ""on_update"": ""NO ACTION""}, ""direction"": ""INCOMING"", ""local_columns"": [""id""], ""referenced_by"": {""table"": ""ratings"", ""columns"": [""user_id""], ""row_count"": 2}, ""impact_analysis"": {""warning"": ""⚠️ Deleting rows will cascade to ratings"", ""cascade_risk"": ""HIGH""}}"
09_FK_INCOMING,users,support_messages_user_id_fkey,"{""rules"": {""on_delete"": ""CASCADE"", ""on_update"": ""NO ACTION""}, ""direction"": ""INCOMING"", ""local_columns"": [""id""], ""referenced_by"": {""table"": ""support_messages"", ""columns"": [""user_id""], ""row_count"": 1}, ""impact_analysis"": {""warning"": ""⚠️ Deleting rows will cascade to support_messages"", ""cascade_risk"": ""HIGH""}}"
09_FK_INCOMING,users,trip_offers_driver_id_fkey,"{""rules"": {""on_delete"": ""CASCADE"", ""on_update"": ""NO ACTION""}, ""direction"": ""INCOMING"", ""local_columns"": [""id""], ""referenced_by"": {""table"": ""trip_offers"", ""columns"": [""driver_id""], ""row_count"": 63}, ""impact_analysis"": {""warning"": ""⚠️ Deleting rows will cascade to trip_offers"", ""cascade_risk"": ""HIGH""}}"
09_FK_INCOMING,users,trips_driver_id_fkey,"{""rules"": {""on_delete"": ""SET NULL"", ""on_update"": ""NO ACTION""}, ""direction"": ""INCOMING"", ""local_columns"": [""id""], ""referenced_by"": {""table"": ""trips"", ""columns"": [""driver_id""], ""row_count"": 73}, ""impact_analysis"": {""warning"": null, ""cascade_risk"": ""MEDIUM""}}"
09_FK_INCOMING,users,trips_user_id_fkey,"{""rules"": {""on_delete"": ""CASCADE"", ""on_update"": ""NO ACTION""}, ""direction"": ""INCOMING"", ""local_columns"": [""id""], ""referenced_by"": {""table"": ""trips"", ""columns"": [""user_id""], ""row_count"": 73}, ""impact_analysis"": {""warning"": ""⚠️ Deleting rows will cascade to trips"", ""cascade_risk"": ""HIGH""}}"
09_FK_INCOMING,users,user_coupons_user_id_fkey,"{""rules"": {""on_delete"": ""CASCADE"", ""on_update"": ""NO ACTION""}, ""direction"": ""INCOMING"", ""local_columns"": [""id""], ""referenced_by"": {""table"": ""user_coupons"", ""columns"": [""user_id""], ""row_count"": 0}, ""impact_analysis"": {""warning"": ""⚠️ Deleting rows will cascade to user_coupons"", ""cascade_risk"": ""HIGH""}}"
09_FK_INCOMING,users,user_wallets_id_fkey,"{""rules"": {""on_delete"": ""CASCADE"", ""on_update"": ""NO ACTION""}, ""direction"": ""INCOMING"", ""local_columns"": [""id""], ""referenced_by"": {""table"": ""user_wallets"", ""columns"": [""id""], ""row_count"": 4}, ""impact_analysis"": {""warning"": ""⚠️ Deleting rows will cascade to user_wallets"", ""cascade_risk"": ""HIGH""}}"
09_FK_INCOMING,users,wallet_transactions_wallet_id_fkey,"{""rules"": {""on_delete"": ""RESTRICT"", ""on_update"": ""NO ACTION""}, ""direction"": ""INCOMING"", ""local_columns"": [""id""], ""referenced_by"": {""table"": ""wallet_transactions"", ""columns"": [""wallet_id""], ""row_count"": 0}, ""impact_analysis"": {""warning"": null, ""cascade_risk"": ""PROTECTED""}}"
09_FK_INCOMING,users,withdrawal_requests_admin_id_fkey,"{""rules"": {""on_delete"": ""SET NULL"", ""on_update"": ""NO ACTION""}, ""direction"": ""INCOMING"", ""local_columns"": [""id""], ""referenced_by"": {""table"": ""withdrawal_requests"", ""columns"": [""admin_id""], ""row_count"": 0}, ""impact_analysis"": {""warning"": null, ""cascade_risk"": ""MEDIUM""}}"
09_FK_INCOMING,users,withdrawal_requests_driver_id_fkey,"{""rules"": {""on_delete"": ""RESTRICT"", ""on_update"": ""NO ACTION""}, ""direction"": ""INCOMING"", ""local_columns"": [""id""], ""referenced_by"": {""table"": ""withdrawal_requests"", ""columns"": [""driver_id""], ""row_count"": 0}, ""impact_analysis"": {""warning"": null, ""cascade_risk"": ""PROTECTED""}}"
09_FK_INCOMING,vehicle_types,fk_pricing_config_vehicle_type,"{""rules"": {""on_delete"": ""RESTRICT"", ""on_update"": ""CASCADE""}, ""direction"": ""INCOMING"", ""local_columns"": [""name""], ""referenced_by"": {""table"": ""pricing_config"", ""columns"": [""vehicle_type""], ""row_count"": 0}, ""impact_analysis"": {""warning"": null, ""cascade_risk"": ""PROTECTED""}}"
09_FK_INCOMING,vehicle_types,trips_vehicle_type_fk,"{""rules"": {""on_delete"": ""RESTRICT"", ""on_update"": ""NO ACTION""}, ""direction"": ""INCOMING"", ""local_columns"": [""name""], ""referenced_by"": {""table"": ""trips"", ""columns"": [""vehicle_type""], ""row_count"": 73}, ""impact_analysis"": {""warning"": null, ""cascade_risk"": ""PROTECTED""}}"
09_FK_INCOMING,wallet_transactions,withdrawal_requests_transaction_id_fkey,"{""rules"": {""on_delete"": ""SET NULL"", ""on_update"": ""NO ACTION""}, ""direction"": ""INCOMING"", ""local_columns"": [""id""], ""referenced_by"": {""table"": ""withdrawal_requests"", ""columns"": [""transaction_id""], ""row_count"": 0}, ""impact_analysis"": {""warning"": null, ""cascade_risk"": ""MEDIUM""}}"
05_COLUMN,admin_logs,created_at,"{""type"": {""udt_name"": ""timestamptz"", ""data_type"": ""timestamp with time zone"", ""numeric_scale"": null, ""char_max_length"": null, ""numeric_precision"": null}, ""default"": ""now()"", ""identity"": null, ""nullable"": true, ""position"": 10, ""generated"": null, ""statistics"": {""correlation"": 0.0000, ""avg_width_bytes"": 0, ""distinct_values"": 0.00, ""null_fraction_pct"": 0.00, ""most_common_values"": null}, ""description"": null}"
05_COLUMN,complaints,category,"{""type"": {""udt_name"": ""varchar"", ""data_type"": ""character varying"", ""numeric_scale"": null, ""char_max_length"": 50, ""numeric_precision"": null}, ""default"": ""'general'::character varying"", ""identity"": null, ""nullable"": true, ""position"": 10, ""generated"": null, ""statistics"": {""correlation"": 0.0000, ""avg_width_bytes"": 0, ""distinct_values"": 0.00, ""null_fraction_pct"": 0.00, ""most_common_values"": null}, ""description"": null}"
05_COLUMN,coupons,created_at,"{""type"": {""udt_name"": ""timestamptz"", ""data_type"": ""timestamp with time zone"", ""numeric_scale"": null, ""char_max_length"": null, ""numeric_precision"": null}, ""default"": ""now()"", ""identity"": null, ""nullable"": true, ""position"": 10, ""generated"": null, ""statistics"": {""correlation"": 0.0000, ""avg_width_bytes"": 0, ""distinct_values"": 0.00, ""null_fraction_pct"": 0.00, ""most_common_values"": null}, ""description"": null}"
05_COLUMN,drivers_profile,vehicle_year,"{""type"": {""udt_name"": ""int4"", ""data_type"": ""integer"", ""numeric_scale"": 0, ""char_max_length"": null, ""numeric_precision"": 32}, ""default"": null, ""identity"": null, ""nullable"": false, ""position"": 10, ""generated"": null, ""statistics"": {""correlation"": 0.5000, ""avg_width_bytes"": 4, ""distinct_values"": -1.00, ""null_fraction_pct"": 0.00, ""most_common_values"": null}, ""description"": null}"
05_COLUMN,notifications,body_ar,"{""type"": {""udt_name"": ""text"", ""data_type"": ""text"", ""numeric_scale"": null, ""char_max_length"": null, ""numeric_precision"": null}, ""default"": null, ""identity"": null, ""nullable"": true, ""position"": 10, ""generated"": null, ""statistics"": {""correlation"": 0.0000, ""avg_width_bytes"": 0, ""distinct_values"": 0.00, ""null_fraction_pct"": 0.00, ""most_common_values"": null}, ""description"": null}"
05_COLUMN,trips,vehicle_type,"{""type"": {""udt_name"": ""varchar"", ""data_type"": ""character varying"", ""numeric_scale"": null, ""char_max_length"": 50, ""numeric_precision"": null}, ""default"": null, ""identity"": null, ""nullable"": false, ""position"": 10, ""generated"": null, ""statistics"": {""correlation"": 0.3822, ""avg_width_bytes"": 4, ""distinct_values"": 3.00, ""null_fraction_pct"": 0.00, ""most_common_values"": ""{car,truck}""}, ""description"": null}"
05_COLUMN,users,fcm_token,"{""type"": {""udt_name"": ""text"", ""data_type"": ""text"", ""numeric_scale"": null, ""char_max_length"": null, ""numeric_precision"": null}, ""default"": null, ""identity"": null, ""nullable"": true, ""position"": 10, ""generated"": null, ""statistics"": {""correlation"": 0.0000, ""avg_width_bytes"": 0, ""distinct_values"": 0.00, ""null_fraction_pct"": 100.00, ""most_common_values"": null}, ""description"": null}"
05_COLUMN,users,fcm_token,"{""type"": {""udt_name"": ""text"", ""data_type"": ""text"", ""numeric_scale"": null, ""char_max_length"": null, ""numeric_precision"": null}, ""default"": null, ""identity"": null, ""nullable"": true, ""position"": 10, ""generated"": null, ""statistics"": {""correlation"": 0.0000, ""avg_width_bytes"": 0, ""distinct_values"": 0.00, ""null_fraction_pct"": 100.00, ""most_common_values"": null}, ""description"": null}"
05_COLUMN,wallet_transactions,status,"{""type"": {""udt_name"": ""wallet_transaction_status"", ""data_type"": ""USER-DEFINED"", ""numeric_scale"": null, ""char_max_length"": null, ""numeric_precision"": null}, ""default"": ""'completed'::wallet_transaction_status"", ""identity"": null, ""nullable"": false, ""position"": 10, ""generated"": null, ""statistics"": {""correlation"": 0.0000, ""avg_width_bytes"": 0, ""distinct_values"": 0.00, ""null_fraction_pct"": 0.00, ""most_common_values"": null}, ""description"": null}"
05_COLUMN,withdrawal_requests,admin_notes,"{""type"": {""udt_name"": ""text"", ""data_type"": ""text"", ""numeric_scale"": null, ""char_max_length"": null, ""numeric_precision"": null}, ""default"": null, ""identity"": null, ""nullable"": true, ""position"": 10, ""generated"": null, ""statistics"": {""correlation"": 0.0000, ""avg_width_bytes"": 0, ""distinct_values"": 0.00, ""null_fraction_pct"": 0.00, ""most_common_values"": null}, ""description"": null}"
10_RELATIONSHIP_SUMMARY,admin_logs,connections,"{""is_isolated"": false, ""incoming_fk_count"": 0, ""outgoing_fk_count"": 1, ""total_connections"": 1}"
10_RELATIONSHIP_SUMMARY,complaints,connections,"{""is_isolated"": false, ""incoming_fk_count"": 0, ""outgoing_fk_count"": 3, ""total_connections"": 3}"
10_RELATIONSHIP_SUMMARY,coupon_usages,connections,"{""is_isolated"": false, ""incoming_fk_count"": 0, ""outgoing_fk_count"": 2, ""total_connections"": 2}"
10_RELATIONSHIP_SUMMARY,coupons,connections,"{""is_isolated"": false, ""incoming_fk_count"": 1, ""outgoing_fk_count"": 0, ""total_connections"": 1}"
10_RELATIONSHIP_SUMMARY,driver_locations,connections,"{""is_isolated"": false, ""incoming_fk_count"": 0, ""outgoing_fk_count"": 1, ""total_connections"": 1}"
10_RELATIONSHIP_SUMMARY,driver_revision_requests,connections,"{""is_isolated"": false, ""incoming_fk_count"": 0, ""outgoing_fk_count"": 1, ""total_connections"": 1}"
10_RELATIONSHIP_SUMMARY,driver_wallets,connections,"{""is_isolated"": false, ""incoming_fk_count"": 0, ""outgoing_fk_count"": 1, ""total_connections"": 1}"
10_RELATIONSHIP_SUMMARY,drivers_profile,connections,"{""is_isolated"": false, ""incoming_fk_count"": 1, ""outgoing_fk_count"": 1, ""total_connections"": 2}"
10_RELATIONSHIP_SUMMARY,messages,connections,"{""is_isolated"": false, ""incoming_fk_count"": 0, ""outgoing_fk_count"": 3, ""total_connections"": 3}"
10_RELATIONSHIP_SUMMARY,notifications,connections,"{""is_isolated"": false, ""incoming_fk_count"": 0, ""outgoing_fk_count"": 1, ""total_connections"": 1}"
10_RELATIONSHIP_SUMMARY,pricing_config,connections,"{""is_isolated"": false, ""incoming_fk_count"": 0, ""outgoing_fk_count"": 1, ""total_connections"": 1}"
10_RELATIONSHIP_SUMMARY,ratings,connections,"{""is_isolated"": false, ""incoming_fk_count"": 0, ""outgoing_fk_count"": 3, ""total_connections"": 3}"
10_RELATIONSHIP_SUMMARY,support_messages,connections,"{""is_isolated"": false, ""incoming_fk_count"": 0, ""outgoing_fk_count"": 1, ""total_connections"": 1}"
10_RELATIONSHIP_SUMMARY,trip_offers,connections,"{""is_isolated"": false, ""incoming_fk_count"": 0, ""outgoing_fk_count"": 2, ""total_connections"": 2}"
10_RELATIONSHIP_SUMMARY,trips,connections,"{""is_isolated"": false, ""incoming_fk_count"": 5, ""outgoing_fk_count"": 3, ""total_connections"": 8}"
10_RELATIONSHIP_SUMMARY,user_coupons,connections,"{""is_isolated"": false, ""incoming_fk_count"": 1, ""outgoing_fk_count"": 2, ""total_connections"": 3}"
10_RELATIONSHIP_SUMMARY,user_presence,connections,"{""is_isolated"": false, ""incoming_fk_count"": 0, ""outgoing_fk_count"": 1, ""total_connections"": 1}"
10_RELATIONSHIP_SUMMARY,user_wallets,connections,"{""is_isolated"": false, ""incoming_fk_count"": 0, ""outgoing_fk_count"": 1, ""total_connections"": 1}"
10_RELATIONSHIP_SUMMARY,users,connections,"{""is_isolated"": false, ""incoming_fk_count"": 20, ""outgoing_fk_count"": 1, ""total_connections"": 21}"
10_RELATIONSHIP_SUMMARY,vehicle_types,connections,"{""is_isolated"": false, ""incoming_fk_count"": 2, ""outgoing_fk_count"": 0, ""total_connections"": 2}"
10_RELATIONSHIP_SUMMARY,wallet_transactions,connections,"{""is_isolated"": false, ""incoming_fk_count"": 1, ""outgoing_fk_count"": 1, ""total_connections"": 2}"
10_RELATIONSHIP_SUMMARY,withdrawal_requests,connections,"{""is_isolated"": false, ""incoming_fk_count"": 0, ""outgoing_fk_count"": 3, ""total_connections"": 3}"
05_COLUMN,complaints,priority,"{""type"": {""udt_name"": ""varchar"", ""data_type"": ""character varying"", ""numeric_scale"": null, ""char_max_length"": 20, ""numeric_precision"": null}, ""default"": ""'normal'::character varying"", ""identity"": null, ""nullable"": true, ""position"": 11, ""generated"": null, ""statistics"": {""correlation"": 0.0000, ""avg_width_bytes"": 0, ""distinct_values"": 0.00, ""null_fraction_pct"": 0.00, ""most_common_values"": null}, ""description"": null}"
05_COLUMN,drivers_profile,vehicle_color,"{""type"": {""udt_name"": ""varchar"", ""data_type"": ""character varying"", ""numeric_scale"": null, ""char_max_length"": 50, ""numeric_precision"": null}, ""default"": null, ""identity"": null, ""nullable"": false, ""position"": 11, ""generated"": null, ""statistics"": {""correlation"": 1.0000, ""avg_width_bytes"": 9, ""distinct_values"": -1.00, ""null_fraction_pct"": 0.00, ""most_common_values"": null}, ""description"": null}"
05_COLUMN,trips,distance_km,"{""type"": {""udt_name"": ""numeric"", ""data_type"": ""numeric"", ""numeric_scale"": 2, ""char_max_length"": null, ""numeric_precision"": 10}, ""default"": null, ""identity"": null, ""nullable"": false, ""position"": 11, ""generated"": null, ""statistics"": {""correlation"": -0.3823, ""avg_width_bytes"": 5, ""distinct_values"": -0.64, ""null_fraction_pct"": 0.00, ""most_common_values"": ""{0.37,0.34,0.48,0.53,0.25,0.32,0.33,0.49,0.51,0.54,0.64,1.24}""}, ""description"": null}"
05_COLUMN,users,is_active,"{""type"": {""udt_name"": ""bool"", ""data_type"": ""boolean"", ""numeric_scale"": null, ""char_max_length"": null, ""numeric_precision"": null}, ""default"": ""true"", ""identity"": null, ""nullable"": false, ""position"": 11, ""generated"": null, ""statistics"": {""correlation"": 1.0000, ""avg_width_bytes"": 1, ""distinct_values"": -0.14, ""null_fraction_pct"": 0.00, ""most_common_values"": ""{t}""}, ""description"": null}"
05_COLUMN,users,is_active,"{""type"": {""udt_name"": ""bool"", ""data_type"": ""boolean"", ""numeric_scale"": null, ""char_max_length"": null, ""numeric_precision"": null}, ""default"": ""true"", ""identity"": null, ""nullable"": false, ""position"": 11, ""generated"": null, ""statistics"": {""correlation"": 1.0000, ""avg_width_bytes"": 1, ""distinct_values"": -0.14, ""null_fraction_pct"": 0.00, ""most_common_values"": ""{t}""}, ""description"": null}"
05_COLUMN,wallet_transactions,description,"{""type"": {""udt_name"": ""text"", ""data_type"": ""text"", ""numeric_scale"": null, ""char_max_length"": null, ""numeric_precision"": null}, ""default"": null, ""identity"": null, ""nullable"": true, ""position"": 11, ""generated"": null, ""statistics"": {""correlation"": 0.0000, ""avg_width_bytes"": 0, ""distinct_values"": 0.00, ""null_fraction_pct"": 0.00, ""most_common_values"": null}, ""description"": null}"
05_COLUMN,withdrawal_requests,processed_at,"{""type"": {""udt_name"": ""timestamptz"", ""data_type"": ""timestamp with time zone"", ""numeric_scale"": null, ""char_max_length"": null, ""numeric_precision"": null}, ""default"": null, ""identity"": null, ""nullable"": true, ""position"": 11, ""generated"": null, ""statistics"": {""correlation"": 0.0000, ""avg_width_bytes"": 0, ""distinct_values"": 0.00, ""null_fraction_pct"": 0.00, ""most_common_values"": null}, ""description"": null}"
11_INDEX,admin_logs,admin_logs_pkey,"{""size"": ""8192 bytes"", ""ready"": true, ""valid"": true, ""method"": ""btree"", ""unique"": true, ""columns"": [""id""], ""primary"": true, ""condition"": null, ""definition"": ""CREATE UNIQUE INDEX admin_logs_pkey ON public.admin_logs USING btree (id)"", ""size_bytes"": 8192, ""usage_stats"": {""scans"": 9, ""is_unused"": false, ""tuples_read"": 0, ""tuples_fetched"": 0}}"
11_INDEX,admin_logs,idx_admin_logs_admin_id,"{""size"": ""8192 bytes"", ""ready"": true, ""valid"": true, ""method"": ""btree"", ""unique"": false, ""columns"": null, ""primary"": false, ""condition"": null, ""definition"": ""CREATE INDEX idx_admin_logs_admin_id ON public.admin_logs USING btree (admin_id)"", ""size_bytes"": 8192, ""usage_stats"": {""scans"": 9, ""is_unused"": false, ""tuples_read"": 0, ""tuples_fetched"": 0}}"
11_INDEX,admin_logs,idx_admin_logs_created_at,"{""size"": ""8192 bytes"", ""ready"": true, ""valid"": true, ""method"": ""btree"", ""unique"": false, ""columns"": null, ""primary"": false, ""condition"": null, ""definition"": ""CREATE INDEX idx_admin_logs_created_at ON public.admin_logs USING btree (created_at DESC)"", ""size_bytes"": 8192, ""usage_stats"": {""scans"": 3, ""is_unused"": false, ""tuples_read"": 0, ""tuples_fetched"": 0}}"
11_INDEX,complaints,complaints_pkey,"{""size"": ""8192 bytes"", ""ready"": true, ""valid"": true, ""method"": ""btree"", ""unique"": true, ""columns"": [""id""], ""primary"": true, ""condition"": null, ""definition"": ""CREATE UNIQUE INDEX complaints_pkey ON public.complaints USING btree (id)"", ""size_bytes"": 8192, ""usage_stats"": {""scans"": 0, ""is_unused"": true, ""tuples_read"": 0, ""tuples_fetched"": 0}}"
11_INDEX,complaints,idx_complaints_priority,"{""size"": ""8192 bytes"", ""ready"": true, ""valid"": true, ""method"": ""btree"", ""unique"": false, ""columns"": null, ""primary"": false, ""condition"": null, ""definition"": ""CREATE INDEX idx_complaints_priority ON public.complaints USING btree (priority)"", ""size_bytes"": 8192, ""usage_stats"": {""scans"": 2, ""is_unused"": false, ""tuples_read"": 0, ""tuples_fetched"": 0}}"
11_INDEX,coupon_usages,coupon_usages_pkey,"{""size"": ""8192 bytes"", ""ready"": true, ""valid"": true, ""method"": ""btree"", ""unique"": true, ""columns"": [""id""], ""primary"": true, ""condition"": null, ""definition"": ""CREATE UNIQUE INDEX coupon_usages_pkey ON public.coupon_usages USING btree (id)"", ""size_bytes"": 8192, ""usage_stats"": {""scans"": 9, ""is_unused"": false, ""tuples_read"": 0, ""tuples_fetched"": 0}}"
11_INDEX,coupon_usages,uq_coupon_usages_trip,"{""size"": ""8192 bytes"", ""ready"": true, ""valid"": true, ""method"": ""btree"", ""unique"": true, ""columns"": null, ""primary"": false, ""condition"": null, ""definition"": ""CREATE UNIQUE INDEX uq_coupon_usages_trip ON public.coupon_usages USING btree (trip_id)"", ""size_bytes"": 8192, ""usage_stats"": {""scans"": 0, ""is_unused"": true, ""tuples_read"": 0, ""tuples_fetched"": 0}}"
11_INDEX,coupons,coupons_code_key,"{""size"": ""8192 bytes"", ""ready"": true, ""valid"": true, ""method"": ""btree"", ""unique"": true, ""columns"": null, ""primary"": false, ""condition"": null, ""definition"": ""CREATE UNIQUE INDEX coupons_code_key ON public.coupons USING btree (code)"", ""size_bytes"": 8192, ""usage_stats"": {""scans"": 0, ""is_unused"": true, ""tuples_read"": 0, ""tuples_fetched"": 0}}"
11_INDEX,coupons,coupons_pkey,"{""size"": ""8192 bytes"", ""ready"": true, ""valid"": true, ""method"": ""btree"", ""unique"": true, ""columns"": [""id""], ""primary"": true, ""condition"": null, ""definition"": ""CREATE UNIQUE INDEX coupons_pkey ON public.coupons USING btree (id)"", ""size_bytes"": 8192, ""usage_stats"": {""scans"": 7, ""is_unused"": false, ""tuples_read"": 0, ""tuples_fetched"": 0}}"
11_INDEX,coupons,idx_coupons_is_active,"{""size"": ""8192 bytes"", ""ready"": true, ""valid"": true, ""method"": ""btree"", ""unique"": false, ""columns"": null, ""primary"": false, ""condition"": null, ""definition"": ""CREATE INDEX idx_coupons_is_active ON public.coupons USING btree (is_active)"", ""size_bytes"": 8192, ""usage_stats"": {""scans"": 1, ""is_unused"": false, ""tuples_read"": 0, ""tuples_fetched"": 0}}"
11_INDEX,driver_locations,driver_locations_driver_id_unique,"{""size"": ""16 kB"", ""ready"": true, ""valid"": true, ""method"": ""btree"", ""unique"": true, ""columns"": null, ""primary"": false, ""condition"": null, ""definition"": ""CREATE UNIQUE INDEX driver_locations_driver_id_unique ON public.driver_locations USING btree (driver_id)"", ""size_bytes"": 16384, ""usage_stats"": {""scans"": 444, ""is_unused"": false, ""tuples_read"": 846, ""tuples_fetched"": 438}}"
11_INDEX,driver_locations,driver_locations_pkey,"{""size"": ""16 kB"", ""ready"": true, ""valid"": true, ""method"": ""btree"", ""unique"": true, ""columns"": [""id""], ""primary"": true, ""condition"": null, ""definition"": ""CREATE UNIQUE INDEX driver_locations_pkey ON public.driver_locations USING btree (id)"", ""size_bytes"": 16384, ""usage_stats"": {""scans"": 6, ""is_unused"": false, ""tuples_read"": 4, ""tuples_fetched"": 3}}"
11_INDEX,driver_locations,idx_driver_locations_geohash,"{""size"": ""16 kB"", ""ready"": true, ""valid"": true, ""method"": ""btree"", ""unique"": false, ""columns"": null, ""primary"": false, ""condition"": null, ""definition"": ""CREATE INDEX idx_driver_locations_geohash ON public.driver_locations USING btree (geohash)"", ""size_bytes"": 16384, ""usage_stats"": {""scans"": 152, ""is_unused"": false, ""tuples_read"": 0, ""tuples_fetched"": 0}}"
11_INDEX,driver_locations,idx_driver_locations_updated_at,"{""size"": ""16 kB"", ""ready"": true, ""valid"": true, ""method"": ""btree"", ""unique"": false, ""columns"": null, ""primary"": false, ""condition"": null, ""definition"": ""CREATE INDEX idx_driver_locations_updated_at ON public.driver_locations USING btree (updated_at DESC)"", ""size_bytes"": 16384, ""usage_stats"": {""scans"": 8, ""is_unused"": false, ""tuples_read"": 0, ""tuples_fetched"": 0}}"
11_INDEX,driver_revision_requests,driver_revision_requests_pkey,"{""size"": ""8192 bytes"", ""ready"": true, ""valid"": true, ""method"": ""btree"", ""unique"": true, ""columns"": [""id""], ""primary"": true, ""condition"": null, ""definition"": ""CREATE UNIQUE INDEX driver_revision_requests_pkey ON public.driver_revision_requests USING btree (id)"", ""size_bytes"": 8192, ""usage_stats"": {""scans"": 4, ""is_unused"": false, ""tuples_read"": 0, ""tuples_fetched"": 0}}"
11_INDEX,driver_revision_requests,idx_driver_revision_requests_status,"{""size"": ""8192 bytes"", ""ready"": true, ""valid"": true, ""method"": ""btree"", ""unique"": false, ""columns"": null, ""primary"": false, ""condition"": null, ""definition"": ""CREATE INDEX idx_driver_revision_requests_status ON public.driver_revision_requests USING btree (status)"", ""size_bytes"": 8192, ""usage_stats"": {""scans"": 24, ""is_unused"": false, ""tuples_read"": 0, ""tuples_fetched"": 0}}"
11_INDEX,driver_wallets,driver_wallets_pkey,"{""size"": ""16 kB"", ""ready"": true, ""valid"": true, ""method"": ""btree"", ""unique"": true, ""columns"": [""id""], ""primary"": true, ""condition"": null, ""definition"": ""CREATE UNIQUE INDEX driver_wallets_pkey ON public.driver_wallets USING btree (id)"", ""size_bytes"": 16384, ""usage_stats"": {""scans"": 24, ""is_unused"": false, ""tuples_read"": 25, ""tuples_fetched"": 25}}"
11_INDEX,drivers_profile,drivers_profile_pkey,"{""size"": ""16 kB"", ""ready"": true, ""valid"": true, ""method"": ""btree"", ""unique"": true, ""columns"": [""id""], ""primary"": true, ""condition"": null, ""definition"": ""CREATE UNIQUE INDEX drivers_profile_pkey ON public.drivers_profile USING btree (id)"", ""size_bytes"": 16384, ""usage_stats"": {""scans"": 201, ""is_unused"": false, ""tuples_read"": 243, ""tuples_fetched"": 203}}"
11_INDEX,drivers_profile,idx_drivers_profile_geohash5,"{""size"": ""16 kB"", ""ready"": true, ""valid"": true, ""method"": ""btree"", ""unique"": false, ""columns"": null, ""primary"": false, ""condition"": ""(is_available = true)"", ""definition"": ""CREATE INDEX idx_drivers_profile_geohash5 ON public.drivers_profile USING btree (geohash5) WHERE (is_available = true)"", ""size_bytes"": 16384, ""usage_stats"": {""scans"": 3, ""is_unused"": false, ""tuples_read"": 5, ""tuples_fetched"": 3}}"
11_INDEX,drivers_profile,idx_drivers_profile_is_verified,"{""size"": ""16 kB"", ""ready"": true, ""valid"": true, ""method"": ""btree"", ""unique"": false, ""columns"": null, ""primary"": false, ""condition"": null, ""definition"": ""CREATE INDEX idx_drivers_profile_is_verified ON public.drivers_profile USING btree (is_verified)"", ""size_bytes"": 16384, ""usage_stats"": {""scans"": 20, ""is_unused"": false, ""tuples_read"": 34, ""tuples_fetched"": 29}}"
11_INDEX,messages,idx_messages_trip_created,"{""size"": ""8192 bytes"", ""ready"": true, ""valid"": true, ""method"": ""btree"", ""unique"": false, ""columns"": null, ""primary"": false, ""condition"": null, ""definition"": ""CREATE INDEX idx_messages_trip_created ON public.messages USING btree (trip_id, created_at DESC)"", ""size_bytes"": 8192, ""usage_stats"": {""scans"": 0, ""is_unused"": true, ""tuples_read"": 0, ""tuples_fetched"": 0}}"
11_INDEX,messages,idx_messages_trip_id,"{""size"": ""8192 bytes"", ""ready"": true, ""valid"": true, ""method"": ""btree"", ""unique"": false, ""columns"": null, ""primary"": false, ""condition"": null, ""definition"": ""CREATE INDEX idx_messages_trip_id ON public.messages USING btree (trip_id)"", ""size_bytes"": 8192, ""usage_stats"": {""scans"": 2, ""is_unused"": false, ""tuples_read"": 0, ""tuples_fetched"": 0}}"
11_INDEX,messages,messages_pkey,"{""size"": ""8192 bytes"", ""ready"": true, ""valid"": true, ""method"": ""btree"", ""unique"": true, ""columns"": [""id""], ""primary"": true, ""condition"": null, ""definition"": ""CREATE UNIQUE INDEX messages_pkey ON public.messages USING btree (id)"", ""size_bytes"": 8192, ""usage_stats"": {""scans"": 2, ""is_unused"": false, ""tuples_read"": 0, ""tuples_fetched"": 0}}"
11_INDEX,notifications,idx_notifications_created_at,"{""size"": ""8192 bytes"", ""ready"": true, ""valid"": true, ""method"": ""btree"", ""unique"": false, ""columns"": null, ""primary"": false, ""condition"": null, ""definition"": ""CREATE INDEX idx_notifications_created_at ON public.notifications USING btree (created_at DESC)"", ""size_bytes"": 8192, ""usage_stats"": {""scans"": 5, ""is_unused"": false, ""tuples_read"": 0, ""tuples_fetched"": 0}}"
11_INDEX,notifications,idx_notifications_is_read,"{""size"": ""8192 bytes"", ""ready"": true, ""valid"": true, ""method"": ""btree"", ""unique"": false, ""columns"": null, ""primary"": false, ""condition"": null, ""definition"": ""CREATE INDEX idx_notifications_is_read ON public.notifications USING btree (is_read)"", ""size_bytes"": 8192, ""usage_stats"": {""scans"": 110, ""is_unused"": false, ""tuples_read"": 0, ""tuples_fetched"": 0}}"
11_INDEX,notifications,idx_notifications_user_unread,"{""size"": ""8192 bytes"", ""ready"": true, ""valid"": true, ""method"": ""btree"", ""unique"": false, ""columns"": [""created_at""], ""primary"": false, ""condition"": ""(is_read = false)"", ""definition"": ""CREATE INDEX idx_notifications_user_unread ON public.notifications USING btree (user_id, created_at DESC) WHERE (is_read = false)"", ""size_bytes"": 8192, ""usage_stats"": {""scans"": 0, ""is_unused"": true, ""tuples_read"": 0, ""tuples_fetched"": 0}}"
11_INDEX,notifications,notifications_pkey,"{""size"": ""8192 bytes"", ""ready"": true, ""valid"": true, ""method"": ""btree"", ""unique"": true, ""columns"": [""id""], ""primary"": true, ""condition"": null, ""definition"": ""CREATE UNIQUE INDEX notifications_pkey ON public.notifications USING btree (id)"", ""size_bytes"": 8192, ""usage_stats"": {""scans"": 0, ""is_unused"": true, ""tuples_read"": 0, ""tuples_fetched"": 0}}"
11_INDEX,pricing_config,pricing_config_pkey,"{""size"": ""8192 bytes"", ""ready"": true, ""valid"": true, ""method"": ""btree"", ""unique"": true, ""columns"": [""id""], ""primary"": true, ""condition"": null, ""definition"": ""CREATE UNIQUE INDEX pricing_config_pkey ON public.pricing_config USING btree (id)"", ""size_bytes"": 8192, ""usage_stats"": {""scans"": 4, ""is_unused"": false, ""tuples_read"": 0, ""tuples_fetched"": 0}}"
11_INDEX,pricing_config,pricing_config_vehicle_type_key,"{""size"": ""8192 bytes"", ""ready"": true, ""valid"": true, ""method"": ""btree"", ""unique"": true, ""columns"": null, ""primary"": false, ""condition"": null, ""definition"": ""CREATE UNIQUE INDEX pricing_config_vehicle_type_key ON public.pricing_config USING btree (vehicle_type)"", ""size_bytes"": 8192, ""usage_stats"": {""scans"": 11, ""is_unused"": false, ""tuples_read"": 5, ""tuples_fetched"": 5}}"
11_INDEX,ratings,idx_ratings_driver_id,"{""size"": ""16 kB"", ""ready"": true, ""valid"": true, ""method"": ""btree"", ""unique"": false, ""columns"": null, ""primary"": false, ""condition"": null, ""definition"": ""CREATE INDEX idx_ratings_driver_id ON public.ratings USING btree (driver_id)"", ""size_bytes"": 16384, ""usage_stats"": {""scans"": 1, ""is_unused"": false, ""tuples_read"": 1, ""tuples_fetched"": 0}}"
11_INDEX,ratings,idx_ratings_trip_id,"{""size"": ""16 kB"", ""ready"": true, ""valid"": true, ""method"": ""btree"", ""unique"": false, ""columns"": null, ""primary"": false, ""condition"": null, ""definition"": ""CREATE INDEX idx_ratings_trip_id ON public.ratings USING btree (trip_id)"", ""size_bytes"": 16384, ""usage_stats"": {""scans"": 1, ""is_unused"": false, ""tuples_read"": 1, ""tuples_fetched"": 0}}"
11_INDEX,ratings,ratings_pkey,"{""size"": ""16 kB"", ""ready"": true, ""valid"": true, ""method"": ""btree"", ""unique"": true, ""columns"": [""id""], ""primary"": true, ""condition"": null, ""definition"": ""CREATE UNIQUE INDEX ratings_pkey ON public.ratings USING btree (id)"", ""size_bytes"": 16384, ""usage_stats"": {""scans"": 3, ""is_unused"": false, ""tuples_read"": 0, ""tuples_fetched"": 0}}"
11_INDEX,ratings,uq_ratings_trip_user,"{""size"": ""16 kB"", ""ready"": true, ""valid"": true, ""method"": ""btree"", ""unique"": true, ""columns"": [""user_id""], ""primary"": false, ""condition"": null, ""definition"": ""CREATE UNIQUE INDEX uq_ratings_trip_user ON public.ratings USING btree (trip_id, user_id)"", ""size_bytes"": 16384, ""usage_stats"": {""scans"": 0, ""is_unused"": true, ""tuples_read"": 0, ""tuples_fetched"": 0}}"
11_INDEX,support_messages,idx_support_messages_user_id,"{""size"": ""16 kB"", ""ready"": true, ""valid"": true, ""method"": ""btree"", ""unique"": false, ""columns"": null, ""primary"": false, ""condition"": null, ""definition"": ""CREATE INDEX idx_support_messages_user_id ON public.support_messages USING btree (user_id)"", ""size_bytes"": 16384, ""usage_stats"": {""scans"": 6, ""is_unused"": false, ""tuples_read"": 2, ""tuples_fetched"": 0}}"
11_INDEX,support_messages,support_messages_pkey,"{""size"": ""16 kB"", ""ready"": true, ""valid"": true, ""method"": ""btree"", ""unique"": true, ""columns"": [""id""], ""primary"": true, ""condition"": null, ""definition"": ""CREATE UNIQUE INDEX support_messages_pkey ON public.support_messages USING btree (id)"", ""size_bytes"": 16384, ""usage_stats"": {""scans"": 2, ""is_unused"": false, ""tuples_read"": 0, ""tuples_fetched"": 0}}"
11_INDEX,trip_offers,idx_trip_offers_driver_id,"{""size"": ""16 kB"", ""ready"": true, ""valid"": true, ""method"": ""btree"", ""unique"": false, ""columns"": null, ""primary"": false, ""condition"": null, ""definition"": ""CREATE INDEX idx_trip_offers_driver_id ON public.trip_offers USING btree (driver_id)"", ""size_bytes"": 16384, ""usage_stats"": {""scans"": 143, ""is_unused"": false, ""tuples_read"": 386, ""tuples_fetched"": 227}}"
11_INDEX,trip_offers,idx_trip_offers_status,"{""size"": ""16 kB"", ""ready"": true, ""valid"": true, ""method"": ""btree"", ""unique"": false, ""columns"": null, ""primary"": false, ""condition"": null, ""definition"": ""CREATE INDEX idx_trip_offers_status ON public.trip_offers USING btree (status)"", ""size_bytes"": 16384, ""usage_stats"": {""scans"": 190, ""is_unused"": false, ""tuples_read"": 150, ""tuples_fetched"": 23}}"
11_INDEX,trip_offers,idx_trip_offers_trip_id,"{""size"": ""16 kB"", ""ready"": true, ""valid"": true, ""method"": ""btree"", ""unique"": false, ""columns"": null, ""primary"": false, ""condition"": null, ""definition"": ""CREATE INDEX idx_trip_offers_trip_id ON public.trip_offers USING btree (trip_id)"", ""size_bytes"": 16384, ""usage_stats"": {""scans"": 13, ""is_unused"": false, ""tuples_read"": 14, ""tuples_fetched"": 0}}"
11_INDEX,trip_offers,idx_trip_offers_trip_status,"{""size"": ""16 kB"", ""ready"": true, ""valid"": true, ""method"": ""btree"", ""unique"": false, ""columns"": [""status""], ""primary"": false, ""condition"": null, ""definition"": ""CREATE INDEX idx_trip_offers_trip_status ON public.trip_offers USING btree (trip_id, status)"", ""size_bytes"": 16384, ""usage_stats"": {""scans"": 114, ""is_unused"": false, ""tuples_read"": 53, ""tuples_fetched"": 0}}"
11_INDEX,trip_offers,trip_offers_pkey,"{""size"": ""16 kB"", ""ready"": true, ""valid"": true, ""method"": ""btree"", ""unique"": true, ""columns"": [""id""], ""primary"": true, ""condition"": null, ""definition"": ""CREATE UNIQUE INDEX trip_offers_pkey ON public.trip_offers USING btree (id)"", ""size_bytes"": 16384, ""usage_stats"": {""scans"": 54, ""is_unused"": false, ""tuples_read"": 67, ""tuples_fetched"": 53}}"
11_INDEX,trip_offers,uq_trip_offers_trip_driver,"{""size"": ""16 kB"", ""ready"": true, ""valid"": true, ""method"": ""btree"", ""unique"": true, ""columns"": [""driver_id""], ""primary"": false, ""condition"": null, ""definition"": ""CREATE UNIQUE INDEX uq_trip_offers_trip_driver ON public.trip_offers USING btree (trip_id, driver_id)"", ""size_bytes"": 16384, ""usage_stats"": {""scans"": 0, ""is_unused"": true, ""tuples_read"": 0, ""tuples_fetched"": 0}}"
11_INDEX,trips,idx_trips_created_at,"{""size"": ""16 kB"", ""ready"": true, ""valid"": true, ""method"": ""btree"", ""unique"": false, ""columns"": null, ""primary"": false, ""condition"": null, ""definition"": ""CREATE INDEX idx_trips_created_at ON public.trips USING btree (created_at DESC)"", ""size_bytes"": 16384, ""usage_stats"": {""scans"": 551, ""is_unused"": false, ""tuples_read"": 584, ""tuples_fetched"": 547}}"
11_INDEX,trips,idx_trips_driver_id,"{""size"": ""16 kB"", ""ready"": true, ""valid"": true, ""method"": ""btree"", ""unique"": false, ""columns"": null, ""primary"": false, ""condition"": null, ""definition"": ""CREATE INDEX idx_trips_driver_id ON public.trips USING btree (driver_id)"", ""size_bytes"": 16384, ""usage_stats"": {""scans"": 26, ""is_unused"": false, ""tuples_read"": 25, ""tuples_fetched"": 19}}"
11_INDEX,trips,idx_trips_driver_status,"{""size"": ""16 kB"", ""ready"": true, ""valid"": true, ""method"": ""btree"", ""unique"": false, ""columns"": null, ""primary"": false, ""condition"": null, ""definition"": ""CREATE INDEX idx_trips_driver_status ON public.trips USING btree (driver_id, status)"", ""size_bytes"": 16384, ""usage_stats"": {""scans"": 80, ""is_unused"": false, ""tuples_read"": 82, ""tuples_fetched"": 58}}"
11_INDEX,trips,idx_trips_payment_wallet,"{""size"": ""8192 bytes"", ""ready"": true, ""valid"": true, ""method"": ""btree"", ""unique"": false, ""columns"": [""created_at""], ""primary"": false, ""condition"": ""((payment_source)::text = 'wallet'::text)"", ""definition"": ""CREATE INDEX idx_trips_payment_wallet ON public.trips USING btree (user_id, created_at DESC) WHERE ((payment_source)::text = 'wallet'::text)"", ""size_bytes"": 8192, ""usage_stats"": {""scans"": 0, ""is_unused"": true, ""tuples_read"": 0, ""tuples_fetched"": 0}}"
11_INDEX,trips,idx_trips_searching_status,"{""size"": ""16 kB"", ""ready"": true, ""valid"": true, ""method"": ""btree"", ""unique"": false, ""columns"": null, ""primary"": false, ""condition"": ""((status)::text = 'searching'::text)"", ""definition"": ""CREATE INDEX idx_trips_searching_status ON public.trips USING btree (created_at DESC) WHERE ((status)::text = 'searching'::text)"", ""size_bytes"": 16384, ""usage_stats"": {""scans"": 131, ""is_unused"": false, ""tuples_read"": 101, ""tuples_fetched"": 38}}"
11_INDEX,trips,idx_trips_status,"{""size"": ""16 kB"", ""ready"": true, ""valid"": true, ""method"": ""btree"", ""unique"": false, ""columns"": null, ""primary"": false, ""condition"": null, ""definition"": ""CREATE INDEX idx_trips_status ON public.trips USING btree (status)"", ""size_bytes"": 16384, ""usage_stats"": {""scans"": 143, ""is_unused"": false, ""tuples_read"": 112, ""tuples_fetched"": 29}}"
11_INDEX,trips,idx_trips_status_vehicle,"{""size"": ""16 kB"", ""ready"": true, ""valid"": true, ""method"": ""btree"", ""unique"": false, ""columns"": null, ""primary"": false, ""condition"": null, ""definition"": ""CREATE INDEX idx_trips_status_vehicle ON public.trips USING btree (status, vehicle_type)"", ""size_bytes"": 16384, ""usage_stats"": {""scans"": 555, ""is_unused"": false, ""tuples_read"": 582, ""tuples_fetched"": 462}}"
11_INDEX,trips,idx_trips_user_id,"{""size"": ""16 kB"", ""ready"": true, ""valid"": true, ""method"": ""btree"", ""unique"": false, ""columns"": null, ""primary"": false, ""condition"": null, ""definition"": ""CREATE INDEX idx_trips_user_id ON public.trips USING btree (user_id)"", ""size_bytes"": 16384, ""usage_stats"": {""scans"": 87, ""is_unused"": false, ""tuples_read"": 345, ""tuples_fetched"": 301}}"
11_INDEX,trips,trips_pkey,"{""size"": ""16 kB"", ""ready"": true, ""valid"": true, ""method"": ""btree"", ""unique"": true, ""columns"": [""id""], ""primary"": true, ""condition"": null, ""definition"": ""CREATE UNIQUE INDEX trips_pkey ON public.trips USING btree (id)"", ""size_bytes"": 16384, ""usage_stats"": {""scans"": 1173, ""is_unused"": false, ""tuples_read"": 1338, ""tuples_fetched"": 1245}}"
11_INDEX,user_coupons,idx_user_coupons_coupon_id,"{""size"": ""8192 bytes"", ""ready"": true, ""valid"": true, ""method"": ""btree"", ""unique"": false, ""columns"": null, ""primary"": false, ""condition"": null, ""definition"": ""CREATE INDEX idx_user_coupons_coupon_id ON public.user_coupons USING btree (coupon_id)"", ""size_bytes"": 8192, ""usage_stats"": {""scans"": 0, ""is_unused"": true, ""tuples_read"": 0, ""tuples_fetched"": 0}}"
11_INDEX,user_coupons,idx_user_coupons_user_id,"{""size"": ""8192 bytes"", ""ready"": true, ""valid"": true, ""method"": ""btree"", ""unique"": false, ""columns"": null, ""primary"": false, ""condition"": null, ""definition"": ""CREATE INDEX idx_user_coupons_user_id ON public.user_coupons USING btree (user_id)"", ""size_bytes"": 8192, ""usage_stats"": {""scans"": 52, ""is_unused"": false, ""tuples_read"": 0, ""tuples_fetched"": 0}}"
11_INDEX,user_coupons,uq_user_coupons_user_coupon,"{""size"": ""8192 bytes"", ""ready"": true, ""valid"": true, ""method"": ""btree"", ""unique"": true, ""columns"": [""coupon_id""], ""primary"": false, ""condition"": null, ""definition"": ""CREATE UNIQUE INDEX uq_user_coupons_user_coupon ON public.user_coupons USING btree (user_id, coupon_id)"", ""size_bytes"": 8192, ""usage_stats"": {""scans"": 125, ""is_unused"": false, ""tuples_read"": 0, ""tuples_fetched"": 0}}"
11_INDEX,user_coupons,user_coupons_pkey,"{""size"": ""8192 bytes"", ""ready"": true, ""valid"": true, ""method"": ""btree"", ""unique"": true, ""columns"": [""id""], ""primary"": true, ""condition"": null, ""definition"": ""CREATE UNIQUE INDEX user_coupons_pkey ON public.user_coupons USING btree (id)"", ""size_bytes"": 8192, ""usage_stats"": {""scans"": 6, ""is_unused"": false, ""tuples_read"": 0, ""tuples_fetched"": 0}}"
11_INDEX,user_presence,user_presence_pkey,"{""size"": ""16 kB"", ""ready"": true, ""valid"": true, ""method"": ""btree"", ""unique"": true, ""columns"": [""user_id""], ""primary"": true, ""condition"": null, ""definition"": ""CREATE UNIQUE INDEX user_presence_pkey ON public.user_presence USING btree (user_id)"", ""size_bytes"": 16384, ""usage_stats"": {""scans"": 22263, ""is_unused"": false, ""tuples_read"": 28173, ""tuples_fetched"": 22174}}"
11_INDEX,user_wallets,user_wallets_pkey,"{""size"": ""16 kB"", ""ready"": true, ""valid"": true, ""method"": ""btree"", ""unique"": true, ""columns"": [""id""], ""primary"": true, ""condition"": null, ""definition"": ""CREATE UNIQUE INDEX user_wallets_pkey ON public.user_wallets USING btree (id)"", ""size_bytes"": 16384, ""usage_stats"": {""scans"": 4, ""is_unused"": false, ""tuples_read"": 0, ""tuples_fetched"": 0}}"
11_INDEX,users,idx_users_email,"{""size"": ""16 kB"", ""ready"": true, ""valid"": true, ""method"": ""btree"", ""unique"": false, ""columns"": null, ""primary"": false, ""condition"": null, ""definition"": ""CREATE INDEX idx_users_email ON public.users USING btree (email)"", ""size_bytes"": 16384, ""usage_stats"": {""scans"": 0, ""is_unused"": true, ""tuples_read"": 0, ""tuples_fetched"": 0}}"
11_INDEX,users,idx_users_phone,"{""size"": ""16 kB"", ""ready"": true, ""valid"": true, ""method"": ""btree"", ""unique"": false, ""columns"": null, ""primary"": false, ""condition"": null, ""definition"": ""CREATE INDEX idx_users_phone ON public.users USING btree (phone)"", ""size_bytes"": 16384, ""usage_stats"": {""scans"": 0, ""is_unused"": true, ""tuples_read"": 0, ""tuples_fetched"": 0}}"
11_INDEX,users,idx_users_role,"{""size"": ""16 kB"", ""ready"": true, ""valid"": true, ""method"": ""btree"", ""unique"": false, ""columns"": null, ""primary"": false, ""condition"": null, ""definition"": ""CREATE INDEX idx_users_role ON public.users USING btree (role)"", ""size_bytes"": 16384, ""usage_stats"": {""scans"": 215, ""is_unused"": false, ""tuples_read"": 245, ""tuples_fetched"": 239}}"
11_INDEX,users,idx_users_role_active,"{""size"": ""16 kB"", ""ready"": true, ""valid"": true, ""method"": ""btree"", ""unique"": false, ""columns"": null, ""primary"": false, ""condition"": ""(is_blocked = false)"", ""definition"": ""CREATE INDEX idx_users_role_active ON public.users USING btree (role, is_active) WHERE (is_blocked = false)"", ""size_bytes"": 16384, ""usage_stats"": {""scans"": 0, ""is_unused"": true, ""tuples_read"": 0, ""tuples_fetched"": 0}}"
11_INDEX,users,users_pkey,"{""size"": ""16 kB"", ""ready"": true, ""valid"": true, ""method"": ""btree"", ""unique"": true, ""columns"": [""id""], ""primary"": true, ""condition"": null, ""definition"": ""CREATE UNIQUE INDEX users_pkey ON public.users USING btree (id)"", ""size_bytes"": 16384, ""usage_stats"": {""scans"": 1984, ""is_unused"": false, ""tuples_read"": 1966, ""tuples_fetched"": 1945}}"
11_INDEX,vehicle_types,vehicle_types_name_key,"{""size"": ""16 kB"", ""ready"": true, ""valid"": true, ""method"": ""btree"", ""unique"": true, ""columns"": null, ""primary"": false, ""condition"": null, ""definition"": ""CREATE UNIQUE INDEX vehicle_types_name_key ON public.vehicle_types USING btree (name)"", ""size_bytes"": 16384, ""usage_stats"": {""scans"": 29, ""is_unused"": false, ""tuples_read"": 20, ""tuples_fetched"": 19}}"
11_INDEX,vehicle_types,vehicle_types_pkey,"{""size"": ""16 kB"", ""ready"": true, ""valid"": true, ""method"": ""btree"", ""unique"": true, ""columns"": [""id""], ""primary"": true, ""condition"": null, ""definition"": ""CREATE UNIQUE INDEX vehicle_types_pkey ON public.vehicle_types USING btree (id)"", ""size_bytes"": 16384, ""usage_stats"": {""scans"": 1, ""is_unused"": false, ""tuples_read"": 2, ""tuples_fetched"": 2}}"
11_INDEX,wallet_transactions,wallet_transactions_pkey,"{""size"": ""8192 bytes"", ""ready"": true, ""valid"": true, ""method"": ""btree"", ""unique"": true, ""columns"": [""id""], ""primary"": true, ""condition"": null, ""definition"": ""CREATE UNIQUE INDEX wallet_transactions_pkey ON public.wallet_transactions USING btree (id)"", ""size_bytes"": 8192, ""usage_stats"": {""scans"": 0, ""is_unused"": true, ""tuples_read"": 0, ""tuples_fetched"": 0}}"
11_INDEX,withdrawal_requests,unique_idempotency,"{""size"": ""8192 bytes"", ""ready"": true, ""valid"": true, ""method"": ""btree"", ""unique"": true, ""columns"": null, ""primary"": false, ""condition"": null, ""definition"": ""CREATE UNIQUE INDEX unique_idempotency ON public.withdrawal_requests USING btree (idempotency_key)"", ""size_bytes"": 8192, ""usage_stats"": {""scans"": 0, ""is_unused"": true, ""tuples_read"": 0, ""tuples_fetched"": 0}}"
11_INDEX,withdrawal_requests,withdrawal_requests_pkey,"{""size"": ""8192 bytes"", ""ready"": true, ""valid"": true, ""method"": ""btree"", ""unique"": true, ""columns"": [""id""], ""primary"": true, ""condition"": null, ""definition"": ""CREATE UNIQUE INDEX withdrawal_requests_pkey ON public.withdrawal_requests USING btree (id)"", ""size_bytes"": 8192, ""usage_stats"": {""scans"": 0, ""is_unused"": true, ""tuples_read"": 0, ""tuples_fetched"": 0}}"
05_COLUMN,complaints,admin_reply,"{""type"": {""udt_name"": ""text"", ""data_type"": ""text"", ""numeric_scale"": null, ""char_max_length"": null, ""numeric_precision"": null}, ""default"": null, ""identity"": null, ""nullable"": true, ""position"": 12, ""generated"": null, ""statistics"": {""correlation"": 0.0000, ""avg_width_bytes"": 0, ""distinct_values"": 0.00, ""null_fraction_pct"": 0.00, ""most_common_values"": null}, ""description"": null}"
05_COLUMN,drivers_profile,vehicle_plate,"{""type"": {""udt_name"": ""varchar"", ""data_type"": ""character varying"", ""numeric_scale"": null, ""char_max_length"": 20, ""numeric_precision"": null}, ""default"": null, ""identity"": null, ""nullable"": false, ""position"": 12, ""generated"": null, ""statistics"": {""correlation"": 0.5000, ""avg_width_bytes"": 18, ""distinct_values"": -1.00, ""null_fraction_pct"": 0.00, ""most_common_values"": null}, ""description"": null}"
05_COLUMN,trips,price,"{""type"": {""udt_name"": ""numeric"", ""data_type"": ""numeric"", ""numeric_scale"": 2, ""char_max_length"": null, ""numeric_precision"": 10}, ""default"": null, ""identity"": null, ""nullable"": false, ""position"": 12, ""generated"": null, ""statistics"": {""correlation"": -0.4759, ""avg_width_bytes"": 7, ""distinct_values"": -0.88, ""null_fraction_pct"": 0.00, ""most_common_values"": ""{11.12,10.99,11.02,11.10,11.43,11.58}""}, ""description"": null}"
05_COLUMN,users,is_admin,"{""type"": {""udt_name"": ""bool"", ""data_type"": ""boolean"", ""numeric_scale"": null, ""char_max_length"": null, ""numeric_precision"": null}, ""default"": ""false"", ""identity"": null, ""nullable"": true, ""position"": 12, ""generated"": null, ""statistics"": {""correlation"": 0.8929, ""avg_width_bytes"": 1, ""distinct_values"": -0.29, ""null_fraction_pct"": 0.00, ""most_common_values"": ""{f}""}, ""description"": null}"
05_COLUMN,users,is_admin,"{""type"": {""udt_name"": ""bool"", ""data_type"": ""boolean"", ""numeric_scale"": null, ""char_max_length"": null, ""numeric_precision"": null}, ""default"": ""false"", ""identity"": null, ""nullable"": true, ""position"": 12, ""generated"": null, ""statistics"": {""correlation"": 0.8929, ""avg_width_bytes"": 1, ""distinct_values"": -0.29, ""null_fraction_pct"": 0.00, ""most_common_values"": ""{f}""}, ""description"": null}"
05_COLUMN,wallet_transactions,metadata,"{""type"": {""udt_name"": ""jsonb"", ""data_type"": ""jsonb"", ""numeric_scale"": null, ""char_max_length"": null, ""numeric_precision"": null}, ""default"": ""'{}'::jsonb"", ""identity"": null, ""nullable"": true, ""position"": 12, ""generated"": null, ""statistics"": {""correlation"": 0.0000, ""avg_width_bytes"": 0, ""distinct_values"": 0.00, ""null_fraction_pct"": 0.00, ""most_common_values"": null}, ""description"": null}"
05_COLUMN,withdrawal_requests,transaction_id,"{""type"": {""udt_name"": ""uuid"", ""data_type"": ""uuid"", ""numeric_scale"": null, ""char_max_length"": null, ""numeric_precision"": null}, ""default"": null, ""identity"": null, ""nullable"": true, ""position"": 12, ""generated"": null, ""statistics"": {""correlation"": 0.0000, ""avg_width_bytes"": 0, ""distinct_values"": 0.00, ""null_fraction_pct"": 0.00, ""most_common_values"": null}, ""description"": null}"
12_RLS_POLICY,admin_logs,Admins can read all logs,"{""roles"": [""authenticated""], ""command"": ""SELECT"", ""applies_to"": [""SELECT""], ""permissive"": true, ""using_expression"": ""(EXISTS ( SELECT 1\n   FROM users\n  WHERE ((users.id = auth.uid()) AND (users.is_admin = true))))"", ""with_check_expression"": null}"
12_RLS_POLICY,admin_logs,System can insert logs,"{""roles"": [""service_role""], ""command"": ""INSERT"", ""applies_to"": [""INSERT""], ""permissive"": true, ""using_expression"": null, ""with_check_expression"": ""true""}"
12_RLS_POLICY,complaints,Admins can read all complaints,"{""roles"": [""authenticated""], ""command"": ""SELECT"", ""applies_to"": [""SELECT""], ""permissive"": true, ""using_expression"": ""is_admin_user()"", ""with_check_expression"": null}"
12_RLS_POLICY,complaints,Admins can update complaints,"{""roles"": [""authenticated""], ""command"": ""UPDATE"", ""applies_to"": [""UPDATE""], ""permissive"": true, ""using_expression"": ""is_admin_user()"", ""with_check_expression"": ""is_admin_user()""}"
12_RLS_POLICY,complaints,Users can create complaints,"{""roles"": [""authenticated""], ""command"": ""INSERT"", ""applies_to"": [""INSERT""], ""permissive"": true, ""using_expression"": null, ""with_check_expression"": ""(auth.uid() = user_id)""}"
12_RLS_POLICY,complaints,Users can read own complaints,"{""roles"": [""authenticated""], ""command"": ""SELECT"", ""applies_to"": [""SELECT""], ""permissive"": true, ""using_expression"": ""(auth.uid() = user_id)"", ""with_check_expression"": null}"
12_RLS_POLICY,coupon_usages,Admins can delete coupon usages,"{""roles"": [""authenticated""], ""command"": ""DELETE"", ""applies_to"": [""DELETE""], ""permissive"": true, ""using_expression"": ""is_admin_user()"", ""with_check_expression"": null}"
12_RLS_POLICY,coupon_usages,Admins can read all coupon usages,"{""roles"": [""authenticated""], ""command"": ""SELECT"", ""applies_to"": [""SELECT""], ""permissive"": true, ""using_expression"": ""is_admin_user()"", ""with_check_expression"": null}"
12_RLS_POLICY,coupon_usages,System can create coupon usage,"{""roles"": [""service_role""], ""command"": ""INSERT"", ""applies_to"": [""INSERT""], ""permissive"": true, ""using_expression"": null, ""with_check_expression"": ""true""}"
12_RLS_POLICY,coupon_usages,Users can read own coupon usages,"{""roles"": [""authenticated""], ""command"": ""SELECT"", ""applies_to"": [""SELECT""], ""permissive"": true, ""using_expression"": ""(EXISTS ( SELECT 1\n   FROM user_coupons\n  WHERE ((user_coupons.id = coupon_usages.user_coupon_id) AND (user_coupons.user_id = auth.uid()))))"", ""with_check_expression"": null}"
12_RLS_POLICY,coupon_usages,Users can view own coupon usages,"{""roles"": [""authenticated""], ""command"": ""SELECT"", ""applies_to"": [""SELECT""], ""permissive"": true, ""using_expression"": ""(EXISTS ( SELECT 1\n   FROM trips\n  WHERE ((trips.id = coupon_usages.trip_id) AND (trips.user_id = auth.uid()))))"", ""with_check_expression"": null}"
12_RLS_POLICY,coupons,Admins can manage coupons,"{""roles"": [""authenticated""], ""command"": ""ALL"", ""applies_to"": [""SELECT"", ""INSERT"", ""UPDATE"", ""DELETE""], ""permissive"": true, ""using_expression"": ""is_admin_user()"", ""with_check_expression"": ""is_admin_user()""}"
12_RLS_POLICY,coupons,Public can read coupons,"{""roles"": [""public""], ""command"": ""SELECT"", ""applies_to"": [""SELECT""], ""permissive"": true, ""using_expression"": ""true"", ""with_check_expression"": null}"
12_RLS_POLICY,driver_locations,Admins can delete driver locations,"{""roles"": [""authenticated""], ""command"": ""DELETE"", ""applies_to"": [""DELETE""], ""permissive"": true, ""using_expression"": ""is_admin_user()"", ""with_check_expression"": null}"
12_RLS_POLICY,driver_locations,Admins can read all driver locations,"{""roles"": [""authenticated""], ""command"": ""SELECT"", ""applies_to"": [""SELECT""], ""permissive"": true, ""using_expression"": ""is_admin_user()"", ""with_check_expression"": null}"
12_RLS_POLICY,driver_locations,Drivers can delete old locations,"{""roles"": [""authenticated""], ""command"": ""DELETE"", ""applies_to"": [""DELETE""], ""permissive"": true, ""using_expression"": ""(auth.uid() = driver_id)"", ""with_check_expression"": null}"
12_RLS_POLICY,driver_locations,Drivers can insert their location,"{""roles"": [""authenticated""], ""command"": ""INSERT"", ""applies_to"": [""INSERT""], ""permissive"": true, ""using_expression"": null, ""with_check_expression"": ""(auth.uid() = driver_id)""}"
12_RLS_POLICY,driver_locations,Drivers can read own location,"{""roles"": [""authenticated""], ""command"": ""SELECT"", ""applies_to"": [""SELECT""], ""permissive"": true, ""using_expression"": ""(auth.uid() = driver_id)"", ""with_check_expression"": null}"
12_RLS_POLICY,driver_locations,Drivers can update their location,"{""roles"": [""authenticated""], ""command"": ""UPDATE"", ""applies_to"": [""UPDATE""], ""permissive"": true, ""using_expression"": ""(auth.uid() = driver_id)"", ""with_check_expression"": ""(auth.uid() = driver_id)""}"
12_RLS_POLICY,driver_locations,Public can read driver locations,"{""roles"": [""public""], ""command"": ""SELECT"", ""applies_to"": [""SELECT""], ""permissive"": true, ""using_expression"": ""true"", ""with_check_expression"": null}"
12_RLS_POLICY,driver_revision_requests,Admins insert revision requests,"{""roles"": [""authenticated""], ""command"": ""INSERT"", ""applies_to"": [""INSERT""], ""permissive"": true, ""using_expression"": null, ""with_check_expression"": ""is_admin_user()""}"
12_RLS_POLICY,driver_revision_requests,Admins update revision requests,"{""roles"": [""authenticated""], ""command"": ""UPDATE"", ""applies_to"": [""UPDATE""], ""permissive"": true, ""using_expression"": ""is_admin_user()"", ""with_check_expression"": null}"
12_RLS_POLICY,driver_revision_requests,Drivers read own revision requests,"{""roles"": [""authenticated""], ""command"": ""SELECT"", ""applies_to"": [""SELECT""], ""permissive"": true, ""using_expression"": ""((auth.uid() = driver_id) OR is_admin_user())"", ""with_check_expression"": null}"
12_RLS_POLICY,driver_wallets,Admin reads all wallets,"{""roles"": [""authenticated""], ""command"": ""SELECT"", ""applies_to"": [""SELECT""], ""permissive"": true, ""using_expression"": ""is_admin_user()"", ""with_check_expression"": null}"
12_RLS_POLICY,driver_wallets,Admin updates wallet,"{""roles"": [""authenticated""], ""command"": ""UPDATE"", ""applies_to"": [""UPDATE""], ""permissive"": true, ""using_expression"": ""is_admin_user()"", ""with_check_expression"": ""is_admin_user()""}"
12_RLS_POLICY,driver_wallets,Driver reads own wallet,"{""roles"": [""authenticated""], ""command"": ""SELECT"", ""applies_to"": [""SELECT""], ""permissive"": true, ""using_expression"": ""(auth.uid() = id)"", ""with_check_expression"": null}"
12_RLS_POLICY,drivers_profile,Admins can delete driver profiles,"{""roles"": [""authenticated""], ""command"": ""DELETE"", ""applies_to"": [""DELETE""], ""permissive"": true, ""using_expression"": ""is_admin_user()"", ""with_check_expression"": null}"
12_RLS_POLICY,drivers_profile,Admins can read all driver profiles,"{""roles"": [""authenticated""], ""command"": ""SELECT"", ""applies_to"": [""SELECT""], ""permissive"": true, ""using_expression"": ""is_admin_user()"", ""with_check_expression"": null}"
12_RLS_POLICY,drivers_profile,Admins can update driver profiles,"{""roles"": [""authenticated""], ""command"": ""UPDATE"", ""applies_to"": [""UPDATE""], ""permissive"": true, ""using_expression"": ""is_admin_user()"", ""with_check_expression"": ""is_admin_user()""}"
12_RLS_POLICY,drivers_profile,Allow users to view available drivers,"{""roles"": [""authenticated""], ""command"": ""SELECT"", ""applies_to"": [""SELECT""], ""permissive"": true, ""using_expression"": ""(is_available = true)"", ""with_check_expression"": null}"
12_RLS_POLICY,drivers_profile,Driver reads full own profile,"{""roles"": [""authenticated""], ""command"": ""SELECT"", ""applies_to"": [""SELECT""], ""permissive"": true, ""using_expression"": ""(auth.uid() = id)"", ""with_check_expression"": null}"
12_RLS_POLICY,drivers_profile,Drivers can delete own profile,"{""roles"": [""authenticated""], ""command"": ""DELETE"", ""applies_to"": [""DELETE""], ""permissive"": true, ""using_expression"": ""((auth.uid() = id) AND (is_verified = false))"", ""with_check_expression"": null}"
12_RLS_POLICY,drivers_profile,Drivers can insert their own profile,"{""roles"": [""authenticated""], ""command"": ""INSERT"", ""applies_to"": [""INSERT""], ""permissive"": true, ""using_expression"": null, ""with_check_expression"": ""(auth.uid() = id)""}"
12_RLS_POLICY,drivers_profile,Drivers can read own profile,"{""roles"": [""authenticated""], ""command"": ""SELECT"", ""applies_to"": [""SELECT""], ""permissive"": true, ""using_expression"": ""(auth.uid() = id)"", ""with_check_expression"": null}"
12_RLS_POLICY,drivers_profile,Drivers can update their own profile,"{""roles"": [""authenticated""], ""command"": ""UPDATE"", ""applies_to"": [""UPDATE""], ""permissive"": true, ""using_expression"": ""(id = auth.uid())"", ""with_check_expression"": ""(id = auth.uid())""}"
12_RLS_POLICY,drivers_profile,Public views available verified drivers,"{""roles"": [""public""], ""command"": ""SELECT"", ""applies_to"": [""SELECT""], ""permissive"": true, ""using_expression"": ""((is_verified = true) AND (is_available = true))"", ""with_check_expression"": null}"
12_RLS_POLICY,messages,Admins can delete messages,"{""roles"": [""authenticated""], ""command"": ""DELETE"", ""applies_to"": [""DELETE""], ""permissive"": true, ""using_expression"": ""is_admin_user()"", ""with_check_expression"": null}"
12_RLS_POLICY,messages,Admins can read all messages,"{""roles"": [""authenticated""], ""command"": ""SELECT"", ""applies_to"": [""SELECT""], ""permissive"": true, ""using_expression"": ""is_admin_user()"", ""with_check_expression"": null}"
12_RLS_POLICY,messages,Users can mark messages as read,"{""roles"": [""authenticated""], ""command"": ""UPDATE"", ""applies_to"": [""UPDATE""], ""permissive"": true, ""using_expression"": ""(auth.uid() = receiver_id)"", ""with_check_expression"": ""(auth.uid() = receiver_id)""}"
12_RLS_POLICY,messages,Users can read their messages,"{""roles"": [""authenticated""], ""command"": ""SELECT"", ""applies_to"": [""SELECT""], ""permissive"": true, ""using_expression"": ""((auth.uid() = sender_id) OR (auth.uid() = receiver_id) OR (EXISTS ( SELECT 1\n   FROM trips\n  WHERE ((trips.id = messages.trip_id) AND ((trips.user_id = auth.uid()) OR (trips.driver_id = auth.uid()))))))"", ""with_check_expression"": null}"
12_RLS_POLICY,messages,Users can send messages,"{""roles"": [""authenticated""], ""command"": ""INSERT"", ""applies_to"": [""INSERT""], ""permissive"": true, ""using_expression"": null, ""with_check_expression"": ""(auth.uid() = sender_id)""}"
12_RLS_POLICY,messages,Users can send trip messages,"{""roles"": [""authenticated""], ""command"": ""INSERT"", ""applies_to"": [""INSERT""], ""permissive"": true, ""using_expression"": null, ""with_check_expression"": ""(EXISTS ( SELECT 1\n   FROM trips\n  WHERE ((trips.id = messages.trip_id) AND ((trips.user_id = auth.uid()) OR (trips.driver_id = auth.uid())))))""}"
12_RLS_POLICY,notifications,Admins can delete notifications,"{""roles"": [""authenticated""], ""command"": ""DELETE"", ""applies_to"": [""DELETE""], ""permissive"": true, ""using_expression"": ""is_admin_user()"", ""with_check_expression"": null}"
12_RLS_POLICY,notifications,Admins can read all notifications,"{""roles"": [""authenticated""], ""command"": ""SELECT"", ""applies_to"": [""SELECT""], ""permissive"": true, ""using_expression"": ""is_admin_user()"", ""with_check_expression"": null}"
12_RLS_POLICY,notifications,System can insert notifications,"{""roles"": [""service_role""], ""command"": ""INSERT"", ""applies_to"": [""INSERT""], ""permissive"": true, ""using_expression"": null, ""with_check_expression"": ""true""}"
12_RLS_POLICY,notifications,Users can read own notifications,"{""roles"": [""authenticated""], ""command"": ""SELECT"", ""applies_to"": [""SELECT""], ""permissive"": true, ""using_expression"": ""(auth.uid() = user_id)"", ""with_check_expression"": null}"
12_RLS_POLICY,notifications,Users can update own notifications,"{""roles"": [""authenticated""], ""command"": ""UPDATE"", ""applies_to"": [""UPDATE""], ""permissive"": true, ""using_expression"": ""(auth.uid() = user_id)"", ""with_check_expression"": ""(auth.uid() = user_id)""}"
12_RLS_POLICY,pricing_config,Admins can manage pricing,"{""roles"": [""authenticated""], ""command"": ""ALL"", ""applies_to"": [""SELECT"", ""INSERT"", ""UPDATE"", ""DELETE""], ""permissive"": true, ""using_expression"": ""is_admin_user()"", ""with_check_expression"": ""is_admin_user()""}"
12_RLS_POLICY,pricing_config,Public can read pricing,"{""roles"": [""public""], ""command"": ""SELECT"", ""applies_to"": [""SELECT""], ""permissive"": true, ""using_expression"": ""true"", ""with_check_expression"": null}"
12_RLS_POLICY,ratings,Admins can delete ratings,"{""roles"": [""authenticated""], ""command"": ""DELETE"", ""applies_to"": [""DELETE""], ""permissive"": true, ""using_expression"": ""is_admin_user()"", ""with_check_expression"": null}"
12_RLS_POLICY,ratings,Admins can read all ratings,"{""roles"": [""authenticated""], ""command"": ""SELECT"", ""applies_to"": [""SELECT""], ""permissive"": true, ""using_expression"": ""is_admin_user()"", ""with_check_expression"": null}"
12_RLS_POLICY,ratings,Drivers can read their ratings,"{""roles"": [""authenticated""], ""command"": ""SELECT"", ""applies_to"": [""SELECT""], ""permissive"": true, ""using_expression"": ""(auth.uid() = driver_id)"", ""with_check_expression"": null}"
12_RLS_POLICY,ratings,Public can read ratings,"{""roles"": [""public""], ""command"": ""SELECT"", ""applies_to"": [""SELECT""], ""permissive"": true, ""using_expression"": ""true"", ""with_check_expression"": null}"
12_RLS_POLICY,ratings,Users can rate trips,"{""roles"": [""authenticated""], ""command"": ""INSERT"", ""applies_to"": [""INSERT""], ""permissive"": true, ""using_expression"": null, ""with_check_expression"": ""(auth.uid() = user_id)""}"
12_RLS_POLICY,ratings,Users can read own ratings,"{""roles"": [""authenticated""], ""command"": ""SELECT"", ""applies_to"": [""SELECT""], ""permissive"": true, ""using_expression"": ""(auth.uid() = user_id)"", ""with_check_expression"": null}"
12_RLS_POLICY,support_messages,Admins can delete messages,"{""roles"": [""authenticated""], ""command"": ""DELETE"", ""applies_to"": [""DELETE""], ""permissive"": true, ""using_expression"": ""is_admin_user()"", ""with_check_expression"": null}"
12_RLS_POLICY,support_messages,Admins can read all messages,"{""roles"": [""authenticated""], ""command"": ""SELECT"", ""applies_to"": [""SELECT""], ""permissive"": true, ""using_expression"": ""is_admin_user()"", ""with_check_expression"": null}"
12_RLS_POLICY,support_messages,Users can read own messages,"{""roles"": [""authenticated""], ""command"": ""SELECT"", ""applies_to"": [""SELECT""], ""permissive"": true, ""using_expression"": ""(auth.uid() = user_id)"", ""with_check_expression"": null}"
12_RLS_POLICY,support_messages,Users can send support messages,"{""roles"": [""authenticated""], ""command"": ""INSERT"", ""applies_to"": [""INSERT""], ""permissive"": true, ""using_expression"": null, ""with_check_expression"": ""(auth.uid() = user_id)""}"
12_RLS_POLICY,trip_offers,Admins can manage trip offers,"{""roles"": [""authenticated""], ""command"": ""ALL"", ""applies_to"": [""SELECT"", ""INSERT"", ""UPDATE"", ""DELETE""], ""permissive"": true, ""using_expression"": ""is_admin_user()"", ""with_check_expression"": ""is_admin_user()""}"
12_RLS_POLICY,trip_offers,Drivers can read their offers,"{""roles"": [""authenticated""], ""command"": ""SELECT"", ""applies_to"": [""SELECT""], ""permissive"": true, ""using_expression"": ""(auth.uid() = driver_id)"", ""with_check_expression"": null}"
12_RLS_POLICY,trip_offers,Drivers can update their offers,"{""roles"": [""authenticated""], ""command"": ""UPDATE"", ""applies_to"": [""UPDATE""], ""permissive"": true, ""using_expression"": ""(auth.uid() = driver_id)"", ""with_check_expression"": ""(auth.uid() = driver_id)""}"
12_RLS_POLICY,trip_offers,Users can create trip offers for own searching trips,"{""roles"": [""authenticated""], ""command"": ""INSERT"", ""applies_to"": [""INSERT""], ""permissive"": true, ""using_expression"": null, ""with_check_expression"": ""(EXISTS ( SELECT 1\n   FROM trips\n  WHERE ((trips.id = trip_offers.trip_id) AND (trips.user_id = auth.uid()) AND ((trips.status)::text = 'searching'::text))))""}"
12_RLS_POLICY,trip_offers,Users can read their trip offers,"{""roles"": [""authenticated""], ""command"": ""SELECT"", ""applies_to"": [""SELECT""], ""permissive"": true, ""using_expression"": ""(EXISTS ( SELECT 1\n   FROM trips\n  WHERE ((trips.id = trip_offers.trip_id) AND (trips.user_id = auth.uid()))))"", ""with_check_expression"": null}"
12_RLS_POLICY,trips,Admins can delete trips,"{""roles"": [""authenticated""], ""command"": ""DELETE"", ""applies_to"": [""DELETE""], ""permissive"": true, ""using_expression"": ""is_admin_user()"", ""with_check_expression"": null}"
12_RLS_POLICY,trips,Admins can read all trips,"{""roles"": [""authenticated""], ""command"": ""SELECT"", ""applies_to"": [""SELECT""], ""permissive"": true, ""using_expression"": ""is_admin_user()"", ""with_check_expression"": null}"
12_RLS_POLICY,trips,Admins can update all trips,"{""roles"": [""authenticated""], ""command"": ""UPDATE"", ""applies_to"": [""UPDATE""], ""permissive"": true, ""using_expression"": ""is_admin_user()"", ""with_check_expression"": ""is_admin_user()""}"
12_RLS_POLICY,trips,Drivers can accept trips,"{""roles"": [""authenticated""], ""command"": ""UPDATE"", ""applies_to"": [""UPDATE""], ""permissive"": true, ""using_expression"": ""(((status)::text = 'searching'::text) AND (EXISTS ( SELECT 1\n   FROM trip_offers\n  WHERE ((trip_offers.trip_id = trips.id) AND (trip_offers.driver_id = auth.uid()) AND ((trip_offers.status)::text = 'pending'::text)))))"", ""with_check_expression"": ""((auth.uid() = driver_id) AND ((status)::text = 'accepted'::text))""}"
12_RLS_POLICY,trips,Drivers can read assigned trips,"{""roles"": [""authenticated""], ""command"": ""SELECT"", ""applies_to"": [""SELECT""], ""permissive"": true, ""using_expression"": ""((auth.uid() = user_id) OR (auth.uid() = driver_id))"", ""with_check_expression"": null}"
12_RLS_POLICY,trips,Drivers can read available trips,"{""roles"": [""authenticated""], ""command"": ""SELECT"", ""applies_to"": [""SELECT""], ""permissive"": true, ""using_expression"": ""((status)::text = 'searching'::text)"", ""with_check_expression"": null}"
12_RLS_POLICY,trips,Drivers can update trip status,"{""roles"": [""authenticated""], ""command"": ""UPDATE"", ""applies_to"": [""UPDATE""], ""permissive"": true, ""using_expression"": ""(auth.uid() = driver_id)"", ""with_check_expression"": ""(auth.uid() = driver_id)""}"
12_RLS_POLICY,trips,Users can cancel own trips,"{""roles"": [""authenticated""], ""command"": ""UPDATE"", ""applies_to"": [""UPDATE""], ""permissive"": true, ""using_expression"": ""(auth.uid() = user_id)"", ""with_check_expression"": ""(auth.uid() = user_id)""}"
12_RLS_POLICY,trips,Users can create trips,"{""roles"": [""authenticated""], ""command"": ""INSERT"", ""applies_to"": [""INSERT""], ""permissive"": true, ""using_expression"": null, ""with_check_expression"": ""(auth.uid() = user_id)""}"
12_RLS_POLICY,trips,Users can read own trips,"{""roles"": [""authenticated""], ""command"": ""SELECT"", ""applies_to"": [""SELECT""], ""permissive"": true, ""using_expression"": ""(auth.uid() = user_id)"", ""with_check_expression"": null}"
12_RLS_POLICY,user_coupons,Admins can assign coupons,"{""roles"": [""authenticated""], ""command"": ""INSERT"", ""applies_to"": [""INSERT""], ""permissive"": true, ""using_expression"": null, ""with_check_expression"": ""is_admin_user()""}"
12_RLS_POLICY,user_coupons,Admins can delete user_coupons,"{""roles"": [""authenticated""], ""command"": ""DELETE"", ""applies_to"": [""DELETE""], ""permissive"": true, ""using_expression"": ""is_admin_user()"", ""with_check_expression"": null}"
12_RLS_POLICY,user_coupons,Admins can read all user_coupons,"{""roles"": [""authenticated""], ""command"": ""SELECT"", ""applies_to"": [""SELECT""], ""permissive"": true, ""using_expression"": ""is_admin_user()"", ""with_check_expression"": null}"
12_RLS_POLICY,user_coupons,Admins can update user_coupons,"{""roles"": [""authenticated""], ""command"": ""UPDATE"", ""applies_to"": [""UPDATE""], ""permissive"": true, ""using_expression"": ""is_admin_user()"", ""with_check_expression"": ""is_admin_user()""}"
12_RLS_POLICY,user_coupons,Users can mark coupon as used,"{""roles"": [""authenticated""], ""command"": ""UPDATE"", ""applies_to"": [""UPDATE""], ""permissive"": true, ""using_expression"": ""(auth.uid() = user_id)"", ""with_check_expression"": ""(auth.uid() = user_id)""}"
12_RLS_POLICY,user_coupons,Users can read own coupons,"{""roles"": [""authenticated""], ""command"": ""SELECT"", ""applies_to"": [""SELECT""], ""permissive"": true, ""using_expression"": ""(auth.uid() = user_id)"", ""with_check_expression"": null}"
12_RLS_POLICY,user_presence,Anyone can read presence,"{""roles"": [""public""], ""command"": ""SELECT"", ""applies_to"": [""SELECT""], ""permissive"": true, ""using_expression"": ""true"", ""with_check_expression"": null}"
12_RLS_POLICY,user_presence,Users manage own presence,"{""roles"": [""authenticated""], ""command"": ""ALL"", ""applies_to"": [""SELECT"", ""INSERT"", ""UPDATE"", ""DELETE""], ""permissive"": true, ""using_expression"": ""(auth.uid() = user_id)"", ""with_check_expression"": ""(auth.uid() = user_id)""}"
12_RLS_POLICY,user_wallets,Admin reads all user wallets,"{""roles"": [""authenticated""], ""command"": ""SELECT"", ""applies_to"": [""SELECT""], ""permissive"": true, ""using_expression"": ""is_admin_user()"", ""with_check_expression"": null}"
12_RLS_POLICY,user_wallets,Service can update user wallet,"{""roles"": [""service_role""], ""command"": ""UPDATE"", ""applies_to"": [""UPDATE""], ""permissive"": true, ""using_expression"": ""true"", ""with_check_expression"": ""true""}"
12_RLS_POLICY,user_wallets,User reads own wallet,"{""roles"": [""authenticated""], ""command"": ""SELECT"", ""applies_to"": [""SELECT""], ""permissive"": true, ""using_expression"": ""(auth.uid() = id)"", ""with_check_expression"": null}"
12_RLS_POLICY,users,Admins can delete users,"{""roles"": [""authenticated""], ""command"": ""DELETE"", ""applies_to"": [""DELETE""], ""permissive"": true, ""using_expression"": ""(is_admin_user() AND (is_admin = false))"", ""with_check_expression"": null}"
12_RLS_POLICY,users,Admins can manage admin status,"{""roles"": [""authenticated""], ""command"": ""UPDATE"", ""applies_to"": [""UPDATE""], ""permissive"": true, ""using_expression"": ""is_admin_user()"", ""with_check_expression"": ""is_admin_user()""}"
12_RLS_POLICY,users,Admins can read all users,"{""roles"": [""authenticated""], ""command"": ""SELECT"", ""applies_to"": [""SELECT""], ""permissive"": true, ""using_expression"": ""is_admin_user()"", ""with_check_expression"": null}"
12_RLS_POLICY,users,Admins can update all users,"{""roles"": [""authenticated""], ""command"": ""UPDATE"", ""applies_to"": [""UPDATE""], ""permissive"": true, ""using_expression"": ""is_admin_user()"", ""with_check_expression"": ""is_admin_user()""}"
12_RLS_POLICY,users,Authenticated users can see basic user info,"{""roles"": [""authenticated""], ""command"": ""SELECT"", ""applies_to"": [""SELECT""], ""permissive"": true, ""using_expression"": ""true"", ""with_check_expression"": null}"
12_RLS_POLICY,users,Authenticated users insert own row,"{""roles"": [""authenticated""], ""command"": ""INSERT"", ""applies_to"": [""INSERT""], ""permissive"": true, ""using_expression"": null, ""with_check_expression"": ""(auth.uid() = id)""}"
12_RLS_POLICY,users,Users can delete own data,"{""roles"": [""authenticated""], ""command"": ""DELETE"", ""applies_to"": [""DELETE""], ""permissive"": true, ""using_expression"": ""((auth.uid() = id) AND (is_admin = false))"", ""with_check_expression"": null}"
12_RLS_POLICY,users,Users can read own data,"{""roles"": [""authenticated""], ""command"": ""SELECT"", ""applies_to"": [""SELECT""], ""permissive"": true, ""using_expression"": ""(auth.uid() = id)"", ""with_check_expression"": null}"
12_RLS_POLICY,users,Users can update own data,"{""roles"": [""authenticated""], ""command"": ""UPDATE"", ""applies_to"": [""UPDATE""], ""permissive"": true, ""using_expression"": ""((auth.uid() = id) AND (is_admin = false))"", ""with_check_expression"": ""((auth.uid() = id) AND (is_admin = false))""}"
12_RLS_POLICY,vehicle_types,Admins can manage vehicle types,"{""roles"": [""authenticated""], ""command"": ""ALL"", ""applies_to"": [""SELECT"", ""INSERT"", ""UPDATE"", ""DELETE""], ""permissive"": true, ""using_expression"": ""(EXISTS ( SELECT 1\n   FROM users\n  WHERE ((users.id = auth.uid()) AND (users.is_admin = true))))"", ""with_check_expression"": ""(EXISTS ( SELECT 1\n   FROM users\n  WHERE ((users.id = auth.uid()) AND (users.is_admin = true))))""}"
12_RLS_POLICY,vehicle_types,Public can read active vehicle types,"{""roles"": [""public""], ""command"": ""SELECT"", ""applies_to"": [""SELECT""], ""permissive"": true, ""using_expression"": ""(is_active = true)"", ""with_check_expression"": null}"
12_RLS_POLICY,wallet_transactions,Admin reads all transactions,"{""roles"": [""authenticated""], ""command"": ""SELECT"", ""applies_to"": [""SELECT""], ""permissive"": true, ""using_expression"": ""is_admin_user()"", ""with_check_expression"": null}"
12_RLS_POLICY,wallet_transactions,Service inserts transactions,"{""roles"": [""service_role""], ""command"": ""INSERT"", ""applies_to"": [""INSERT""], ""permissive"": true, ""using_expression"": null, ""with_check_expression"": ""true""}"
12_RLS_POLICY,wallet_transactions,User reads own transactions,"{""roles"": [""authenticated""], ""command"": ""SELECT"", ""applies_to"": [""SELECT""], ""permissive"": true, ""using_expression"": ""(auth.uid() = wallet_id)"", ""with_check_expression"": null}"
12_RLS_POLICY,withdrawal_requests,Admin manages withdrawals,"{""roles"": [""authenticated""], ""command"": ""ALL"", ""applies_to"": [""SELECT"", ""INSERT"", ""UPDATE"", ""DELETE""], ""permissive"": true, ""using_expression"": ""is_admin_user()"", ""with_check_expression"": ""is_admin_user()""}"
12_RLS_POLICY,withdrawal_requests,Driver cancels pending withdrawal,"{""roles"": [""authenticated""], ""command"": ""UPDATE"", ""applies_to"": [""UPDATE""], ""permissive"": true, ""using_expression"": ""((auth.uid() = driver_id) AND (status = 'pending'::withdrawal_status))"", ""with_check_expression"": ""((auth.uid() = driver_id) AND (status = 'cancelled'::withdrawal_status))""}"
12_RLS_POLICY,withdrawal_requests,Driver creates withdrawal,"{""roles"": [""authenticated""], ""command"": ""INSERT"", ""applies_to"": [""INSERT""], ""permissive"": true, ""using_expression"": null, ""with_check_expression"": ""(auth.uid() = driver_id)""}"
12_RLS_POLICY,withdrawal_requests,Driver reads own withdrawals,"{""roles"": [""authenticated""], ""command"": ""SELECT"", ""applies_to"": [""SELECT""], ""permissive"": true, ""using_expression"": ""(auth.uid() = driver_id)"", ""with_check_expression"": null}"
05_COLUMN,complaints,replied_at,"{""type"": {""udt_name"": ""timestamptz"", ""data_type"": ""timestamp with time zone"", ""numeric_scale"": null, ""char_max_length"": null, ""numeric_precision"": null}, ""default"": null, ""identity"": null, ""nullable"": true, ""position"": 13, ""generated"": null, ""statistics"": {""correlation"": 0.0000, ""avg_width_bytes"": 0, ""distinct_values"": 0.00, ""null_fraction_pct"": 0.00, ""most_common_values"": null}, ""description"": null}"
05_COLUMN,drivers_profile,vehicle_image_url,"{""type"": {""udt_name"": ""text"", ""data_type"": ""text"", ""numeric_scale"": null, ""char_max_length"": null, ""numeric_precision"": null}, ""default"": null, ""identity"": null, ""nullable"": false, ""position"": 13, ""generated"": null, ""statistics"": {""correlation"": 1.0000, ""avg_width_bytes"": 42, ""distinct_values"": -0.33, ""null_fraction_pct"": 0.00, ""most_common_values"": ""{https://placehold.co/400x300?text=Vehicle}""}, ""description"": null}"
05_COLUMN,trips,status,"{""type"": {""udt_name"": ""varchar"", ""data_type"": ""character varying"", ""numeric_scale"": null, ""char_max_length"": 20, ""numeric_precision"": null}, ""default"": ""'searching'::character varying"", ""identity"": null, ""nullable"": false, ""position"": 13, ""generated"": null, ""statistics"": {""correlation"": 0.8747, ""avg_width_bytes"": 10, ""distinct_values"": 3.00, ""null_fraction_pct"": 0.00, ""most_common_values"": ""{cancelled,completed}""}, ""description"": null}"
05_COLUMN,users,created_at,"{""type"": {""udt_name"": ""timestamptz"", ""data_type"": ""timestamp with time zone"", ""numeric_scale"": null, ""char_max_length"": null, ""numeric_precision"": null}, ""default"": ""now()"", ""identity"": null, ""nullable"": false, ""position"": 13, ""generated"": null, ""statistics"": {""correlation"": 1.0000, ""avg_width_bytes"": 8, ""distinct_values"": -0.14, ""null_fraction_pct"": 0.00, ""most_common_values"": ""{\""2026-04-26 19:04:27.576399+00\""}""}, ""description"": null}"
05_COLUMN,users,created_at,"{""type"": {""udt_name"": ""timestamptz"", ""data_type"": ""timestamp with time zone"", ""numeric_scale"": null, ""char_max_length"": null, ""numeric_precision"": null}, ""default"": ""now()"", ""identity"": null, ""nullable"": false, ""position"": 13, ""generated"": null, ""statistics"": {""correlation"": 1.0000, ""avg_width_bytes"": 8, ""distinct_values"": -0.14, ""null_fraction_pct"": 0.00, ""most_common_values"": ""{\""2026-04-26 19:04:27.576399+00\""}""}, ""description"": null}"
05_COLUMN,wallet_transactions,created_at,"{""type"": {""udt_name"": ""timestamptz"", ""data_type"": ""timestamp with time zone"", ""numeric_scale"": null, ""char_max_length"": null, ""numeric_precision"": null}, ""default"": ""now()"", ""identity"": null, ""nullable"": false, ""position"": 13, ""generated"": null, ""statistics"": {""correlation"": 0.0000, ""avg_width_bytes"": 0, ""distinct_values"": 0.00, ""null_fraction_pct"": 0.00, ""most_common_values"": null}, ""description"": null}"
05_COLUMN,withdrawal_requests,created_at,"{""type"": {""udt_name"": ""timestamptz"", ""data_type"": ""timestamp with time zone"", ""numeric_scale"": null, ""char_max_length"": null, ""numeric_precision"": null}, ""default"": ""now()"", ""identity"": null, ""nullable"": false, ""position"": 13, ""generated"": null, ""statistics"": {""correlation"": 0.0000, ""avg_width_bytes"": 0, ""distinct_values"": 0.00, ""null_fraction_pct"": 0.00, ""most_common_values"": null}, ""description"": null}"
13_TRIGGER,coupon_usages,coupon_usage_inserted_increment,"{""level"": ""ROW"", ""events"": [""INSERT""], ""timing"": ""AFTER"", ""enabled"": true, ""function"": ""_fn_increment_coupon_used_count()"", ""condition"": null, ""trigger_type"": ""AFTER""}"
13_TRIGGER,driver_locations,update_driver_locations_updated_at,"{""level"": ""ROW"", ""events"": [""UPDATE""], ""timing"": ""BEFORE"", ""enabled"": true, ""function"": ""update_updated_at_column()"", ""condition"": null, ""trigger_type"": ""BEFORE""}"
13_TRIGGER,drivers_profile,trigger_create_driver_wallet,"{""level"": ""ROW"", ""events"": [""INSERT""], ""timing"": ""AFTER"", ""enabled"": true, ""function"": ""fn_create_driver_wallet()"", ""condition"": null, ""trigger_type"": ""AFTER""}"
13_TRIGGER,drivers_profile,update_drivers_profile_updated_at,"{""level"": ""ROW"", ""events"": [""UPDATE""], ""timing"": ""BEFORE"", ""enabled"": true, ""function"": ""update_updated_at_column()"", ""condition"": null, ""trigger_type"": ""BEFORE""}"
13_TRIGGER,pricing_config,update_pricing_config_updated_at,"{""level"": ""ROW"", ""events"": [""UPDATE""], ""timing"": ""BEFORE"", ""enabled"": true, ""function"": ""update_updated_at_column()"", ""condition"": null, ""trigger_type"": ""BEFORE""}"
13_TRIGGER,ratings,rating_inserted_update_driver,"{""level"": ""ROW"", ""events"": [""INSERT""], ""timing"": ""AFTER"", ""enabled"": true, ""function"": ""_fn_recalculate_driver_rating()"", ""condition"": null, ""trigger_type"": ""AFTER""}"
13_TRIGGER,trip_offers,trg_trip_offers_updated_at,"{""level"": ""ROW"", ""events"": [""UPDATE""], ""timing"": ""BEFORE"", ""enabled"": true, ""function"": ""update_updated_at_column()"", ""condition"": null, ""trigger_type"": ""BEFORE""}"
13_TRIGGER,trips,trg_cleanup_orphan_offers,"{""level"": ""ROW"", ""events"": [""UPDATE""], ""timing"": ""AFTER"", ""enabled"": true, ""function"": ""cleanup_orphan_trip_offers()"", ""condition"": null, ""trigger_type"": ""AFTER""}"
13_TRIGGER,trips,trg_expire_trip_offers,"{""level"": ""ROW"", ""events"": [""UPDATE""], ""timing"": ""AFTER"", ""enabled"": true, ""function"": ""expire_trip_offers()"", ""condition"": null, ""trigger_type"": ""AFTER""}"
13_TRIGGER,trips,trg_trips_updated_at,"{""level"": ""ROW"", ""events"": [""UPDATE""], ""timing"": ""BEFORE"", ""enabled"": true, ""function"": ""update_updated_at_column()"", ""condition"": null, ""trigger_type"": ""BEFORE""}"
13_TRIGGER,trips,trg_validate_trip_price,"{""level"": ""ROW"", ""events"": [""INSERT"", ""UPDATE""], ""timing"": ""BEFORE"", ""enabled"": true, ""function"": ""validate_trip_price_on_insert()"", ""condition"": null, ""trigger_type"": ""BEFORE""}"
13_TRIGGER,trips,trg_validate_trip_status,"{""level"": ""ROW"", ""events"": [""UPDATE""], ""timing"": ""BEFORE"", ""enabled"": true, ""function"": ""validate_trip_status_transition()"", ""condition"": null, ""trigger_type"": ""BEFORE""}"
13_TRIGGER,trips,trigger_credit_driver_on_complete,"{""level"": ""ROW"", ""events"": [""UPDATE""], ""timing"": ""AFTER"", ""enabled"": true, ""function"": ""fn_credit_driver_earnings_on_trip_complete()"", ""condition"": null, ""trigger_type"": ""AFTER""}"
13_TRIGGER,trips,trip_accepted_trigger,"{""level"": ""ROW"", ""events"": [""UPDATE""], ""timing"": ""AFTER"", ""enabled"": true, ""function"": ""handle_trip_accepted()"", ""condition"": ""(((old.status)::text = 'searching'::text) AND ((new.status)::text = 'accepted'::text))"", ""trigger_type"": ""AFTER""}"
13_TRIGGER,trips,trip_completed_update_total_trips,"{""level"": ""ROW"", ""events"": [""UPDATE""], ""timing"": ""AFTER"", ""enabled"": true, ""function"": ""_fn_update_total_trips_on_complete()"", ""condition"": null, ""trigger_type"": ""AFTER""}"
13_TRIGGER,user_coupons,trg_sync_user_coupon_is_used,"{""level"": ""ROW"", ""events"": [""INSERT"", ""UPDATE""], ""timing"": ""BEFORE"", ""enabled"": true, ""function"": ""sync_user_coupon_is_used()"", ""condition"": null, ""trigger_type"": ""BEFORE""}"
13_TRIGGER,users,trg_auth_user_created,"{""level"": ""ROW"", ""events"": [""INSERT""], ""timing"": ""AFTER"", ""enabled"": true, ""function"": ""handle_new_auth_user()"", ""condition"": null, ""trigger_type"": ""AFTER""}"
13_TRIGGER,users,trigger_create_user_wallet,"{""level"": ""ROW"", ""events"": [""INSERT""], ""timing"": ""AFTER"", ""enabled"": true, ""function"": ""fn_create_user_wallet()"", ""condition"": ""(((new.role)::text = 'user'::text) OR (new.role IS NULL))"", ""trigger_type"": ""AFTER""}"
13_TRIGGER,users,update_users_updated_at,"{""level"": ""ROW"", ""events"": [""UPDATE""], ""timing"": ""BEFORE"", ""enabled"": true, ""function"": ""update_updated_at_column()"", ""condition"": null, ""trigger_type"": ""BEFORE""}"
05_COLUMN,complaints,admin_id,"{""type"": {""udt_name"": ""uuid"", ""data_type"": ""uuid"", ""numeric_scale"": null, ""char_max_length"": null, ""numeric_precision"": null}, ""default"": null, ""identity"": null, ""nullable"": true, ""position"": 14, ""generated"": null, ""statistics"": {""correlation"": 0.0000, ""avg_width_bytes"": 0, ""distinct_values"": 0.00, ""null_fraction_pct"": 0.00, ""most_common_values"": null}, ""description"": null}"
05_COLUMN,drivers_profile,is_verified,"{""type"": {""udt_name"": ""bool"", ""data_type"": ""boolean"", ""numeric_scale"": null, ""char_max_length"": null, ""numeric_precision"": null}, ""default"": ""false"", ""identity"": null, ""nullable"": false, ""position"": 14, ""generated"": null, ""statistics"": {""correlation"": 1.0000, ""avg_width_bytes"": 1, ""distinct_values"": -0.33, ""null_fraction_pct"": 0.00, ""most_common_values"": ""{t}""}, ""description"": null}"
05_COLUMN,trips,payment_method,"{""type"": {""udt_name"": ""varchar"", ""data_type"": ""character varying"", ""numeric_scale"": null, ""char_max_length"": 50, ""numeric_precision"": null}, ""default"": null, ""identity"": null, ""nullable"": true, ""position"": 14, ""generated"": null, ""statistics"": {""correlation"": 1.0000, ""avg_width_bytes"": 5, ""distinct_values"": 1.00, ""null_fraction_pct"": 5.17, ""most_common_values"": ""{cash}""}, ""description"": null}"
05_COLUMN,users,updated_at,"{""type"": {""udt_name"": ""timestamptz"", ""data_type"": ""timestamp with time zone"", ""numeric_scale"": null, ""char_max_length"": null, ""numeric_precision"": null}, ""default"": ""now()"", ""identity"": null, ""nullable"": false, ""position"": 14, ""generated"": null, ""statistics"": {""correlation"": 1.0000, ""avg_width_bytes"": 8, ""distinct_values"": -0.43, ""null_fraction_pct"": 0.00, ""most_common_values"": ""{\""2026-04-26 19:04:27.576399+00\""}""}, ""description"": null}"
05_COLUMN,users,updated_at,"{""type"": {""udt_name"": ""timestamptz"", ""data_type"": ""timestamp with time zone"", ""numeric_scale"": null, ""char_max_length"": null, ""numeric_precision"": null}, ""default"": ""now()"", ""identity"": null, ""nullable"": false, ""position"": 14, ""generated"": null, ""statistics"": {""correlation"": 1.0000, ""avg_width_bytes"": 8, ""distinct_values"": -0.43, ""null_fraction_pct"": 0.00, ""most_common_values"": ""{\""2026-04-26 19:04:27.576399+00\""}""}, ""description"": null}"
05_COLUMN,withdrawal_requests,updated_at,"{""type"": {""udt_name"": ""timestamptz"", ""data_type"": ""timestamp with time zone"", ""numeric_scale"": null, ""char_max_length"": null, ""numeric_precision"": null}, ""default"": ""now()"", ""identity"": null, ""nullable"": false, ""position"": 14, ""generated"": null, ""statistics"": {""correlation"": 0.0000, ""avg_width_bytes"": 0, ""distinct_values"": 0.00, ""null_fraction_pct"": 0.00, ""most_common_values"": null}, ""description"": null}"
14_FUNCTION,_fn_increment_coupon_used_count,signature,"{""oid"": ""20217"", ""cost"": 100, ""owner"": ""postgres"", ""strict"": false, ""language"": ""plpgsql"", ""security"": ""DEFINER"", ""arguments"": """", ""is_window"": false, ""volatility"": ""VOLATILE"", ""description"": null, ""return_type"": ""trigger"", ""is_aggregate"": false, ""is_procedure"": false, ""estimated_rows"": null, ""parallel_safety"": ""UNSAFE""}"
14_FUNCTION,_fn_recalculate_driver_rating,signature,"{""oid"": ""20215"", ""cost"": 100, ""owner"": ""postgres"", ""strict"": false, ""language"": ""plpgsql"", ""security"": ""DEFINER"", ""arguments"": """", ""is_window"": false, ""volatility"": ""VOLATILE"", ""description"": null, ""return_type"": ""trigger"", ""is_aggregate"": false, ""is_procedure"": false, ""estimated_rows"": null, ""parallel_safety"": ""UNSAFE""}"
14_FUNCTION,_fn_update_total_trips_on_complete,signature,"{""oid"": ""20213"", ""cost"": 100, ""owner"": ""postgres"", ""strict"": false, ""language"": ""plpgsql"", ""security"": ""DEFINER"", ""arguments"": """", ""is_window"": false, ""volatility"": ""VOLATILE"", ""description"": null, ""return_type"": ""trigger"", ""is_aggregate"": false, ""is_procedure"": false, ""estimated_rows"": null, ""parallel_safety"": ""UNSAFE""}"
14_FUNCTION,admin_update_pricing,signature,"{""oid"": ""20896"", ""cost"": 100, ""owner"": ""postgres"", ""strict"": false, ""language"": ""plpgsql"", ""security"": ""DEFINER"", ""arguments"": ""p_vehicle_type character varying, p_base_fare numeric, p_price_per_km numeric, p_minimum_fare numeric"", ""is_window"": false, ""volatility"": ""VOLATILE"", ""description"": null, ""return_type"": ""void"", ""is_aggregate"": false, ""is_procedure"": false, ""estimated_rows"": null, ""parallel_safety"": ""UNSAFE""}"
14_FUNCTION,apply_coupon_to_trip,signature,"{""oid"": ""20220"", ""cost"": 100, ""owner"": ""postgres"", ""strict"": false, ""language"": ""plpgsql"", ""security"": ""DEFINER"", ""arguments"": ""p_trip_id uuid, p_coupon_code character varying, p_user_id uuid, p_trip_price numeric"", ""is_window"": false, ""volatility"": ""VOLATILE"", ""description"": null, ""return_type"": ""numeric"", ""is_aggregate"": false, ""is_procedure"": false, ""estimated_rows"": null, ""parallel_safety"": ""UNSAFE""}"
14_FUNCTION,approve_withdrawal,signature,"{""oid"": ""21494"", ""cost"": 100, ""owner"": ""postgres"", ""strict"": false, ""language"": ""plpgsql"", ""security"": ""DEFINER"", ""arguments"": ""p_withdrawal_id uuid, p_admin_id uuid"", ""is_window"": false, ""volatility"": ""VOLATILE"", ""description"": null, ""return_type"": ""jsonb"", ""is_aggregate"": false, ""is_procedure"": false, ""estimated_rows"": null, ""parallel_safety"": ""UNSAFE""}"
14_FUNCTION,block_user,signature,"{""oid"": ""20987"", ""cost"": 100, ""owner"": ""postgres"", ""strict"": false, ""language"": ""plpgsql"", ""security"": ""DEFINER"", ""arguments"": ""p_user_id uuid, p_reason text DEFAULT NULL::text"", ""is_window"": false, ""volatility"": ""VOLATILE"", ""description"": null, ""return_type"": ""void"", ""is_aggregate"": false, ""is_procedure"": false, ""estimated_rows"": null, ""parallel_safety"": ""UNSAFE""}"
14_FUNCTION,calculate_trip_price,signature,"{""oid"": ""21061"", ""cost"": 100, ""owner"": ""postgres"", ""strict"": false, ""language"": ""plpgsql"", ""security"": ""DEFINER"", ""arguments"": ""p_vehicle_type character varying, p_distance_km numeric"", ""is_window"": false, ""volatility"": ""VOLATILE"", ""description"": ""Calculates trip price based on vehicle type and distance.\n Looks up pricing from vehicle_types first, falls back to pricing_config, then defaults."", ""return_type"": ""numeric"", ""is_aggregate"": false, ""is_procedure"": false, ""estimated_rows"": null, ""parallel_safety"": ""UNSAFE""}"
14_FUNCTION,cancel_trip,signature,"{""oid"": ""20939"", ""cost"": 100, ""owner"": ""postgres"", ""strict"": false, ""language"": ""plpgsql"", ""security"": ""DEFINER"", ""arguments"": ""p_trip_id uuid, p_user_id uuid, p_cancelled_by text, p_cancel_reason text DEFAULT NULL::text"", ""is_window"": false, ""volatility"": ""VOLATILE"", ""description"": ""Atomically cancels a trip with ownership verification and race condition protection.\nReturns true on success, raises exception on failure (not found, unauthorized, invalid status, or race condition)."", ""return_type"": ""boolean"", ""is_aggregate"": false, ""is_procedure"": false, ""estimated_rows"": null, ""parallel_safety"": ""UNSAFE""}"
14_FUNCTION,cleanup_orphan_trip_offers,signature,"{""oid"": ""20745"", ""cost"": 100, ""owner"": ""postgres"", ""strict"": false, ""language"": ""plpgsql"", ""security"": ""DEFINER"", ""arguments"": """", ""is_window"": false, ""volatility"": ""VOLATILE"", ""description"": null, ""return_type"": ""trigger"", ""is_aggregate"": false, ""is_procedure"": false, ""estimated_rows"": null, ""parallel_safety"": ""UNSAFE""}"
14_FUNCTION,cleanup_stale_trips,signature,"{""oid"": ""20722"", ""cost"": 100, ""owner"": ""postgres"", ""strict"": false, ""language"": ""plpgsql"", ""security"": ""DEFINER"", ""arguments"": """", ""is_window"": false, ""volatility"": ""VOLATILE"", ""description"": null, ""return_type"": ""integer"", ""is_aggregate"": false, ""is_procedure"": false, ""estimated_rows"": null, ""parallel_safety"": ""UNSAFE""}"
14_FUNCTION,cleanup_stale_user_presence,signature,"{""oid"": ""20747"", ""cost"": 100, ""owner"": ""postgres"", ""strict"": false, ""language"": ""plpgsql"", ""security"": ""DEFINER"", ""arguments"": """", ""is_window"": false, ""volatility"": ""VOLATILE"", ""description"": null, ""return_type"": ""integer"", ""is_aggregate"": false, ""is_procedure"": false, ""estimated_rows"": null, ""parallel_safety"": ""UNSAFE""}"
14_FUNCTION,cleanup_stuck_trips,signature,"{""oid"": ""20842"", ""cost"": 100, ""owner"": ""postgres"", ""strict"": false, ""language"": ""plpgsql"", ""security"": ""DEFINER"", ""arguments"": """", ""is_window"": false, ""volatility"": ""VOLATILE"", ""description"": null, ""return_type"": ""integer"", ""is_aggregate"": false, ""is_procedure"": false, ""estimated_rows"": null, ""parallel_safety"": ""UNSAFE""}"
14_FUNCTION,create_driver_account,signature,"{""oid"": ""20841"", ""cost"": 100, ""owner"": ""postgres"", ""strict"": false, ""language"": ""plpgsql"", ""security"": ""DEFINER"", ""arguments"": ""p_user_id uuid, p_name text, p_email text, p_phone text, p_national_id text, p_license_number text, p_vehicle_type text, p_vehicle_brand text, p_vehicle_model text, p_vehicle_year text, p_vehicle_color text, p_vehicle_plate text, p_national_id_image text DEFAULT NULL::text, p_license_image text DEFAULT NULL::text, p_criminal_record_image text DEFAULT NULL::text, p_vehicle_image text DEFAULT NULL::text"", ""is_window"": false, ""volatility"": ""VOLATILE"", ""description"": null, ""return_type"": ""jsonb"", ""is_aggregate"": false, ""is_procedure"": false, ""estimated_rows"": null, ""parallel_safety"": ""UNSAFE""}"
14_FUNCTION,demote_user_from_admin,signature,"{""oid"": ""19549"", ""cost"": 100, ""owner"": ""postgres"", ""strict"": false, ""language"": ""plpgsql"", ""security"": ""DEFINER"", ""arguments"": ""p_user_id uuid"", ""is_window"": false, ""volatility"": ""VOLATILE"", ""description"": null, ""return_type"": ""boolean"", ""is_aggregate"": false, ""is_procedure"": false, ""estimated_rows"": null, ""parallel_safety"": ""UNSAFE""}"
14_FUNCTION,driver_accept_trip,signature,"{""oid"": ""20665"", ""cost"": 100, ""owner"": ""postgres"", ""strict"": false, ""language"": ""plpgsql"", ""security"": ""DEFINER"", ""arguments"": ""p_trip_id uuid"", ""is_window"": false, ""volatility"": ""VOLATILE"", ""description"": null, ""return_type"": ""jsonb"", ""is_aggregate"": false, ""is_procedure"": false, ""estimated_rows"": null, ""parallel_safety"": ""UNSAFE""}"
14_FUNCTION,driver_complete_trip,signature,"{""oid"": ""20717"", ""cost"": 100, ""owner"": ""postgres"", ""strict"": false, ""language"": ""plpgsql"", ""security"": ""DEFINER"", ""arguments"": ""p_trip_id uuid, p_driver_id uuid"", ""is_window"": false, ""volatility"": ""VOLATILE"", ""description"": null, ""return_type"": ""jsonb"", ""is_aggregate"": false, ""is_procedure"": false, ""estimated_rows"": null, ""parallel_safety"": ""UNSAFE""}"
14_FUNCTION,driver_reject_trip,signature,"{""oid"": ""20666"", ""cost"": 100, ""owner"": ""postgres"", ""strict"": false, ""language"": ""plpgsql"", ""security"": ""DEFINER"", ""arguments"": ""p_trip_id uuid"", ""is_window"": false, ""volatility"": ""VOLATILE"", ""description"": null, ""return_type"": ""jsonb"", ""is_aggregate"": false, ""is_procedure"": false, ""estimated_rows"": null, ""parallel_safety"": ""UNSAFE""}"
14_FUNCTION,driver_start_trip,signature,"{""oid"": ""20716"", ""cost"": 100, ""owner"": ""postgres"", ""strict"": false, ""language"": ""plpgsql"", ""security"": ""DEFINER"", ""arguments"": ""p_trip_id uuid, p_driver_id uuid"", ""is_window"": false, ""volatility"": ""VOLATILE"", ""description"": null, ""return_type"": ""jsonb"", ""is_aggregate"": false, ""is_procedure"": false, ""estimated_rows"": null, ""parallel_safety"": ""UNSAFE""}"
14_FUNCTION,expire_trip_offers,signature,"{""oid"": ""20714"", ""cost"": 100, ""owner"": ""postgres"", ""strict"": false, ""language"": ""plpgsql"", ""security"": ""INVOKER"", ""arguments"": """", ""is_window"": false, ""volatility"": ""VOLATILE"", ""description"": null, ""return_type"": ""trigger"", ""is_aggregate"": false, ""is_procedure"": false, ""estimated_rows"": null, ""parallel_safety"": ""UNSAFE""}"
14_FUNCTION,fn_create_driver_wallet,signature,"{""oid"": ""21487"", ""cost"": 100, ""owner"": ""postgres"", ""strict"": false, ""language"": ""plpgsql"", ""security"": ""DEFINER"", ""arguments"": """", ""is_window"": false, ""volatility"": ""VOLATILE"", ""description"": null, ""return_type"": ""trigger"", ""is_aggregate"": false, ""is_procedure"": false, ""estimated_rows"": null, ""parallel_safety"": ""UNSAFE""}"
14_FUNCTION,fn_create_user_wallet,signature,"{""oid"": ""21489"", ""cost"": 100, ""owner"": ""postgres"", ""strict"": false, ""language"": ""plpgsql"", ""security"": ""DEFINER"", ""arguments"": """", ""is_window"": false, ""volatility"": ""VOLATILE"", ""description"": null, ""return_type"": ""trigger"", ""is_aggregate"": false, ""is_procedure"": false, ""estimated_rows"": null, ""parallel_safety"": ""UNSAFE""}"
14_FUNCTION,fn_credit_driver_earnings_on_trip_complete,signature,"{""oid"": ""21491"", ""cost"": 100, ""owner"": ""postgres"", ""strict"": false, ""language"": ""plpgsql"", ""security"": ""DEFINER"", ""arguments"": """", ""is_window"": false, ""volatility"": ""VOLATILE"", ""description"": null, ""return_type"": ""trigger"", ""is_aggregate"": false, ""is_procedure"": false, ""estimated_rows"": null, ""parallel_safety"": ""UNSAFE""}"
14_FUNCTION,get_admin_dashboard_stats,signature,"{""oid"": ""20222"", ""cost"": 100, ""owner"": ""postgres"", ""strict"": false, ""language"": ""plpgsql"", ""security"": ""DEFINER"", ""arguments"": """", ""is_window"": false, ""volatility"": ""VOLATILE"", ""description"": null, ""return_type"": ""json"", ""is_aggregate"": false, ""is_procedure"": false, ""estimated_rows"": null, ""parallel_safety"": ""UNSAFE""}"
14_FUNCTION,get_driver_avg_rating,signature,"{""oid"": ""20719"", ""cost"": 100, ""owner"": ""postgres"", ""strict"": false, ""language"": ""plpgsql"", ""security"": ""DEFINER"", ""arguments"": ""p_driver_id uuid"", ""is_window"": false, ""volatility"": ""VOLATILE"", ""description"": null, ""return_type"": ""double precision"", ""is_aggregate"": false, ""is_procedure"": false, ""estimated_rows"": null, ""parallel_safety"": ""UNSAFE""}"
14_FUNCTION,get_nearby_drivers,signature,"{""oid"": ""20227"", ""cost"": 100, ""owner"": ""postgres"", ""strict"": false, ""language"": ""plpgsql"", ""security"": ""DEFINER"", ""arguments"": ""p_geohash_prefix character varying, p_vehicle_type character varying"", ""is_window"": false, ""volatility"": ""VOLATILE"", ""description"": null, ""return_type"": ""TABLE(driver_id uuid, lat numeric, lng numeric, heading numeric, name character varying, rating numeric, total_trips integer, vehicle_type character varying, vehicle_brand character varying, vehicle_model character varying, vehicle_color character varying, vehicle_plate character varying)"", ""is_aggregate"": false, ""is_procedure"": false, ""estimated_rows"": 1000, ""parallel_safety"": ""UNSAFE""}"
14_FUNCTION,handle_new_auth_user,signature,"{""oid"": ""20743"", ""cost"": 100, ""owner"": ""postgres"", ""strict"": false, ""language"": ""plpgsql"", ""security"": ""DEFINER"", ""arguments"": """", ""is_window"": false, ""volatility"": ""VOLATILE"", ""description"": null, ""return_type"": ""trigger"", ""is_aggregate"": false, ""is_procedure"": false, ""estimated_rows"": null, ""parallel_safety"": ""UNSAFE""}"
14_FUNCTION,handle_new_user,signature,"{""oid"": ""20720"", ""cost"": 100, ""owner"": ""postgres"", ""strict"": false, ""language"": ""plpgsql"", ""security"": ""DEFINER"", ""arguments"": """", ""is_window"": false, ""volatility"": ""VOLATILE"", ""description"": null, ""return_type"": ""trigger"", ""is_aggregate"": false, ""is_procedure"": false, ""estimated_rows"": null, ""parallel_safety"": ""UNSAFE""}"
14_FUNCTION,handle_trip_accepted,signature,"{""oid"": ""20667"", ""cost"": 100, ""owner"": ""postgres"", ""strict"": false, ""language"": ""plpgsql"", ""security"": ""DEFINER"", ""arguments"": """", ""is_window"": false, ""volatility"": ""VOLATILE"", ""description"": null, ""return_type"": ""trigger"", ""is_aggregate"": false, ""is_procedure"": false, ""estimated_rows"": null, ""parallel_safety"": ""UNSAFE""}"
14_FUNCTION,is_admin_user,signature,"{""oid"": ""19487"", ""cost"": 100, ""owner"": ""postgres"", ""strict"": false, ""language"": ""plpgsql"", ""security"": ""DEFINER"", ""arguments"": """", ""is_window"": false, ""volatility"": ""VOLATILE"", ""description"": null, ""return_type"": ""boolean"", ""is_aggregate"": false, ""is_procedure"": false, ""estimated_rows"": null, ""parallel_safety"": ""UNSAFE""}"
14_FUNCTION,log_admin_action,signature,"{""oid"": ""19488"", ""cost"": 100, ""owner"": ""postgres"", ""strict"": false, ""language"": ""plpgsql"", ""security"": ""DEFINER"", ""arguments"": ""p_action character varying, p_table_name character varying, p_record_id uuid DEFAULT NULL::uuid, p_old_data jsonb DEFAULT NULL::jsonb, p_new_data jsonb DEFAULT NULL::jsonb"", ""is_window"": false, ""volatility"": ""VOLATILE"", ""description"": null, ""return_type"": ""void"", ""is_aggregate"": false, ""is_procedure"": false, ""estimated_rows"": null, ""parallel_safety"": ""UNSAFE""}"
14_FUNCTION,promote_user_to_admin,signature,"{""oid"": ""19548"", ""cost"": 100, ""owner"": ""postgres"", ""strict"": false, ""language"": ""plpgsql"", ""security"": ""DEFINER"", ""arguments"": ""p_user_id uuid"", ""is_window"": false, ""volatility"": ""VOLATILE"", ""description"": null, ""return_type"": ""boolean"", ""is_aggregate"": false, ""is_procedure"": false, ""estimated_rows"": null, ""parallel_safety"": ""UNSAFE""}"
14_FUNCTION,reject_withdrawal,signature,"{""oid"": ""21495"", ""cost"": 100, ""owner"": ""postgres"", ""strict"": false, ""language"": ""plpgsql"", ""security"": ""DEFINER"", ""arguments"": ""p_withdrawal_id uuid, p_admin_id uuid, p_rejection_reason text"", ""is_window"": false, ""volatility"": ""VOLATILE"", ""description"": null, ""return_type"": ""jsonb"", ""is_aggregate"": false, ""is_procedure"": false, ""estimated_rows"": null, ""parallel_safety"": ""UNSAFE""}"
14_FUNCTION,request_driver_revision,signature,"{""oid"": ""20991"", ""cost"": 100, ""owner"": ""postgres"", ""strict"": false, ""language"": ""plpgsql"", ""security"": ""DEFINER"", ""arguments"": ""p_driver_id uuid, p_fields text[], p_message text"", ""is_window"": false, ""volatility"": ""VOLATILE"", ""description"": null, ""return_type"": ""uuid"", ""is_aggregate"": false, ""is_procedure"": false, ""estimated_rows"": null, ""parallel_safety"": ""UNSAFE""}"
14_FUNCTION,request_driver_withdrawal,signature,"{""oid"": ""21493"", ""cost"": 100, ""owner"": ""postgres"", ""strict"": false, ""language"": ""plpgsql"", ""security"": ""DEFINER"", ""arguments"": ""p_driver_id uuid, p_amount numeric, p_payment_method text, p_account_details jsonb, p_idempotency_key uuid DEFAULT gen_random_uuid()"", ""is_window"": false, ""volatility"": ""VOLATILE"", ""description"": null, ""return_type"": ""jsonb"", ""is_aggregate"": false, ""is_procedure"": false, ""estimated_rows"": null, ""parallel_safety"": ""UNSAFE""}"
14_FUNCTION,resolve_complaint,signature,"{""oid"": ""20990"", ""cost"": 100, ""owner"": ""postgres"", ""strict"": false, ""language"": ""plpgsql"", ""security"": ""DEFINER"", ""arguments"": ""p_complaint_id uuid, p_reply text, p_status character varying DEFAULT 'resolved'::character varying"", ""is_window"": false, ""volatility"": ""VOLATILE"", ""description"": null, ""return_type"": ""void"", ""is_aggregate"": false, ""is_procedure"": false, ""estimated_rows"": null, ""parallel_safety"": ""UNSAFE""}"
14_FUNCTION,set_driver_offline,signature,"{""oid"": ""20951"", ""cost"": 100, ""owner"": ""postgres"", ""strict"": false, ""language"": ""plpgsql"", ""security"": ""DEFINER"", ""arguments"": ""p_driver_id uuid"", ""is_window"": false, ""volatility"": ""VOLATILE"", ""description"": ""Atomically sets driver offline and clears location/geohash fields. Enforces existence check."", ""return_type"": ""void"", ""is_aggregate"": false, ""is_procedure"": false, ""estimated_rows"": null, ""parallel_safety"": ""UNSAFE""}"
14_FUNCTION,set_driver_online,signature,"{""oid"": ""20940"", ""cost"": 100, ""owner"": ""postgres"", ""strict"": false, ""language"": ""plpgsql"", ""security"": ""DEFINER"", ""arguments"": ""p_driver_id uuid, p_lat double precision, p_lng double precision, p_geohash text, p_geohash5 text"", ""is_window"": false, ""volatility"": ""VOLATILE"", ""description"": ""Atomically sets driver online with location and geohash update. Enforces existence check."", ""return_type"": ""void"", ""is_aggregate"": false, ""is_procedure"": false, ""estimated_rows"": null, ""parallel_safety"": ""UNSAFE""}"
14_FUNCTION,set_first_user_as_admin,signature,"{""oid"": ""19547"", ""cost"": 100, ""owner"": ""postgres"", ""strict"": false, ""language"": ""plpgsql"", ""security"": ""DEFINER"", ""arguments"": """", ""is_window"": false, ""volatility"": ""VOLATILE"", ""description"": null, ""return_type"": ""boolean"", ""is_aggregate"": false, ""is_procedure"": false, ""estimated_rows"": null, ""parallel_safety"": ""UNSAFE""}"
14_FUNCTION,set_user_role,signature,"{""oid"": ""20989"", ""cost"": 100, ""owner"": ""postgres"", ""strict"": false, ""language"": ""plpgsql"", ""security"": ""DEFINER"", ""arguments"": ""p_user_id uuid, p_role character varying"", ""is_window"": false, ""volatility"": ""VOLATILE"", ""description"": null, ""return_type"": ""void"", ""is_aggregate"": false, ""is_procedure"": false, ""estimated_rows"": null, ""parallel_safety"": ""UNSAFE""}"
14_FUNCTION,sync_user_coupon_is_used,signature,"{""oid"": ""20992"", ""cost"": 100, ""owner"": ""postgres"", ""strict"": false, ""language"": ""plpgsql"", ""security"": ""DEFINER"", ""arguments"": """", ""is_window"": false, ""volatility"": ""VOLATILE"", ""description"": null, ""return_type"": ""trigger"", ""is_aggregate"": false, ""is_procedure"": false, ""estimated_rows"": null, ""parallel_safety"": ""UNSAFE""}"
14_FUNCTION,unblock_user,signature,"{""oid"": ""20988"", ""cost"": 100, ""owner"": ""postgres"", ""strict"": false, ""language"": ""plpgsql"", ""security"": ""DEFINER"", ""arguments"": ""p_user_id uuid"", ""is_window"": false, ""volatility"": ""VOLATILE"", ""description"": null, ""return_type"": ""void"", ""is_aggregate"": false, ""is_procedure"": false, ""estimated_rows"": null, ""parallel_safety"": ""UNSAFE""}"
14_FUNCTION,unverify_driver,signature,"{""oid"": ""19551"", ""cost"": 100, ""owner"": ""postgres"", ""strict"": false, ""language"": ""plpgsql"", ""security"": ""DEFINER"", ""arguments"": ""p_driver_id uuid"", ""is_window"": false, ""volatility"": ""VOLATILE"", ""description"": null, ""return_type"": ""boolean"", ""is_aggregate"": false, ""is_procedure"": false, ""estimated_rows"": null, ""parallel_safety"": ""UNSAFE""}"
14_FUNCTION,update_updated_at_column,signature,"{""oid"": ""19577"", ""cost"": 100, ""owner"": ""postgres"", ""strict"": false, ""language"": ""plpgsql"", ""security"": ""INVOKER"", ""arguments"": """", ""is_window"": false, ""volatility"": ""VOLATILE"", ""description"": null, ""return_type"": ""trigger"", ""is_aggregate"": false, ""is_procedure"": false, ""estimated_rows"": null, ""parallel_safety"": ""UNSAFE""}"
14_FUNCTION,upsert_driver_location,signature,"{""oid"": ""20226"", ""cost"": 100, ""owner"": ""postgres"", ""strict"": false, ""language"": ""plpgsql"", ""security"": ""DEFINER"", ""arguments"": ""p_driver_id uuid, p_lat numeric, p_lng numeric, p_heading numeric, p_geohash character varying"", ""is_window"": false, ""volatility"": ""VOLATILE"", ""description"": ""Updates both driver_locations (legacy) and drivers_profile (canonical) with exact geohashes."", ""return_type"": ""void"", ""is_aggregate"": false, ""is_procedure"": false, ""estimated_rows"": null, ""parallel_safety"": ""UNSAFE""}"
14_FUNCTION,upsert_driver_location,signature,"{""oid"": ""21592"", ""cost"": 100, ""owner"": ""postgres"", ""strict"": false, ""language"": ""plpgsql"", ""security"": ""DEFINER"", ""arguments"": ""p_driver_id uuid, p_lat numeric, p_lng numeric, p_heading numeric, p_geohash text DEFAULT NULL::text, p_geohash5 text DEFAULT NULL::text"", ""is_window"": false, ""volatility"": ""VOLATILE"", ""description"": null, ""return_type"": ""void"", ""is_aggregate"": false, ""is_procedure"": false, ""estimated_rows"": null, ""parallel_safety"": ""UNSAFE""}"
14_FUNCTION,use_coupon_atomic,signature,"{""oid"": ""20835"", ""cost"": 100, ""owner"": ""postgres"", ""strict"": false, ""language"": ""plpgsql"", ""security"": ""DEFINER"", ""arguments"": ""p_user_id uuid, p_coupon_code text, p_trip_id uuid"", ""is_window"": false, ""volatility"": ""VOLATILE"", ""description"": null, ""return_type"": ""jsonb"", ""is_aggregate"": false, ""is_procedure"": false, ""estimated_rows"": null, ""parallel_safety"": ""UNSAFE""}"
14_FUNCTION,validate_coupon,signature,"{""oid"": ""20219"", ""cost"": 100, ""owner"": ""postgres"", ""strict"": false, ""language"": ""plpgsql"", ""security"": ""DEFINER"", ""arguments"": ""p_code character varying, p_trip_price numeric, p_user_id uuid"", ""is_window"": false, ""volatility"": ""VOLATILE"", ""description"": null, ""return_type"": ""TABLE(id uuid, discount_type character varying, discount_value numeric, discount_amount numeric)"", ""is_aggregate"": false, ""is_procedure"": false, ""estimated_rows"": 1000, ""parallel_safety"": ""UNSAFE""}"
14_FUNCTION,validate_trip_price,signature,"{""oid"": ""20895"", ""cost"": 100, ""owner"": ""postgres"", ""strict"": false, ""language"": ""plpgsql"", ""security"": ""DEFINER"", ""arguments"": ""p_vehicle_type text, p_distance_km double precision, p_duration_min double precision"", ""is_window"": false, ""volatility"": ""VOLATILE"", ""description"": null, ""return_type"": ""boolean"", ""is_aggregate"": false, ""is_procedure"": false, ""estimated_rows"": null, ""parallel_safety"": ""UNSAFE""}"
14_FUNCTION,validate_trip_price_on_insert,signature,"{""oid"": ""20897"", ""cost"": 100, ""owner"": ""postgres"", ""strict"": false, ""language"": ""plpgsql"", ""security"": ""DEFINER"", ""arguments"": """", ""is_window"": false, ""volatility"": ""VOLATILE"", ""description"": null, ""return_type"": ""trigger"", ""is_aggregate"": false, ""is_procedure"": false, ""estimated_rows"": null, ""parallel_safety"": ""UNSAFE""}"
14_FUNCTION,validate_trip_status_transition,signature,"{""oid"": ""20741"", ""cost"": 100, ""owner"": ""postgres"", ""strict"": false, ""language"": ""plpgsql"", ""security"": ""DEFINER"", ""arguments"": """", ""is_window"": false, ""volatility"": ""VOLATILE"", ""description"": null, ""return_type"": ""trigger"", ""is_aggregate"": false, ""is_procedure"": false, ""estimated_rows"": null, ""parallel_safety"": ""UNSAFE""}"
14_FUNCTION,verify_driver,signature,"{""oid"": ""19550"", ""cost"": 100, ""owner"": ""postgres"", ""strict"": false, ""language"": ""plpgsql"", ""security"": ""DEFINER"", ""arguments"": ""p_driver_id uuid"", ""is_window"": false, ""volatility"": ""VOLATILE"", ""description"": null, ""return_type"": ""boolean"", ""is_aggregate"": false, ""is_procedure"": false, ""estimated_rows"": null, ""parallel_safety"": ""UNSAFE""}"
05_COLUMN,drivers_profile,is_available,"{""type"": {""udt_name"": ""bool"", ""data_type"": ""boolean"", ""numeric_scale"": null, ""char_max_length"": null, ""numeric_precision"": null}, ""default"": ""false"", ""identity"": null, ""nullable"": false, ""position"": 15, ""generated"": null, ""statistics"": {""correlation"": 1.0000, ""avg_width_bytes"": 1, ""distinct_values"": -0.33, ""null_fraction_pct"": 0.00, ""most_common_values"": ""{f}""}, ""description"": null}"
05_COLUMN,trips,is_paid,"{""type"": {""udt_name"": ""bool"", ""data_type"": ""boolean"", ""numeric_scale"": null, ""char_max_length"": null, ""numeric_precision"": null}, ""default"": ""false"", ""identity"": null, ""nullable"": false, ""position"": 15, ""generated"": null, ""statistics"": {""correlation"": 1.0000, ""avg_width_bytes"": 1, ""distinct_values"": 1.00, ""null_fraction_pct"": 0.00, ""most_common_values"": ""{f}""}, ""description"": null}"
05_COLUMN,users,is_blocked,"{""type"": {""udt_name"": ""bool"", ""data_type"": ""boolean"", ""numeric_scale"": null, ""char_max_length"": null, ""numeric_precision"": null}, ""default"": ""false"", ""identity"": null, ""nullable"": false, ""position"": 15, ""generated"": null, ""statistics"": {""correlation"": 1.0000, ""avg_width_bytes"": 1, ""distinct_values"": -0.14, ""null_fraction_pct"": 0.00, ""most_common_values"": ""{f}""}, ""description"": null}"
05_COLUMN,users,is_blocked,"{""type"": {""udt_name"": ""bool"", ""data_type"": ""boolean"", ""numeric_scale"": null, ""char_max_length"": null, ""numeric_precision"": null}, ""default"": ""false"", ""identity"": null, ""nullable"": false, ""position"": 15, ""generated"": null, ""statistics"": {""correlation"": 1.0000, ""avg_width_bytes"": 1, ""distinct_values"": -0.14, ""null_fraction_pct"": 0.00, ""most_common_values"": ""{f}""}, ""description"": null}"
05_COLUMN,drivers_profile,geohash,"{""type"": {""udt_name"": ""varchar"", ""data_type"": ""character varying"", ""numeric_scale"": null, ""char_max_length"": 20, ""numeric_precision"": null}, ""default"": null, ""identity"": null, ""nullable"": true, ""position"": 16, ""generated"": null, ""statistics"": {""correlation"": 0.0000, ""avg_width_bytes"": 7, ""distinct_values"": -0.33, ""null_fraction_pct"": 66.67, ""most_common_values"": null}, ""description"": null}"
05_COLUMN,trips,created_at,"{""type"": {""udt_name"": ""timestamptz"", ""data_type"": ""timestamp with time zone"", ""numeric_scale"": null, ""char_max_length"": null, ""numeric_precision"": null}, ""default"": ""now()"", ""identity"": null, ""nullable"": false, ""position"": 16, ""generated"": null, ""statistics"": {""correlation"": 0.9978, ""avg_width_bytes"": 8, ""distinct_values"": -1.00, ""null_fraction_pct"": 0.00, ""most_common_values"": null}, ""description"": null}"
05_COLUMN,users,blocked_at,"{""type"": {""udt_name"": ""timestamptz"", ""data_type"": ""timestamp with time zone"", ""numeric_scale"": null, ""char_max_length"": null, ""numeric_precision"": null}, ""default"": null, ""identity"": null, ""nullable"": true, ""position"": 16, ""generated"": null, ""statistics"": {""correlation"": 0.0000, ""avg_width_bytes"": 8, ""distinct_values"": 0.00, ""null_fraction_pct"": 100.00, ""most_common_values"": null}, ""description"": null}"
05_COLUMN,users,blocked_at,"{""type"": {""udt_name"": ""timestamptz"", ""data_type"": ""timestamp with time zone"", ""numeric_scale"": null, ""char_max_length"": null, ""numeric_precision"": null}, ""default"": null, ""identity"": null, ""nullable"": true, ""position"": 16, ""generated"": null, ""statistics"": {""correlation"": 0.0000, ""avg_width_bytes"": 8, ""distinct_values"": 0.00, ""null_fraction_pct"": 100.00, ""most_common_values"": null}, ""description"": null}"
16_TABLE_PRIVILEGE,admin_logs,anon,"{""grantee"": ""anon"", ""grantor"": ""postgres"", ""privileges"": [""DELETE"", ""INSERT"", ""REFERENCES"", ""SELECT"", ""TRIGGER"", ""TRUNCATE"", ""UPDATE""], ""with_grant_option"": false}"
16_TABLE_PRIVILEGE,admin_logs,authenticated,"{""grantee"": ""authenticated"", ""grantor"": ""postgres"", ""privileges"": [""DELETE"", ""INSERT"", ""REFERENCES"", ""SELECT"", ""TRIGGER"", ""TRUNCATE"", ""UPDATE""], ""with_grant_option"": false}"
16_TABLE_PRIVILEGE,admin_logs,postgres,"{""grantee"": ""postgres"", ""grantor"": ""postgres"", ""privileges"": [""DELETE"", ""INSERT"", ""REFERENCES"", ""SELECT"", ""TRIGGER"", ""TRUNCATE"", ""UPDATE""], ""with_grant_option"": true}"
16_TABLE_PRIVILEGE,admin_logs,service_role,"{""grantee"": ""service_role"", ""grantor"": ""postgres"", ""privileges"": [""DELETE"", ""INSERT"", ""REFERENCES"", ""SELECT"", ""TRIGGER"", ""TRUNCATE"", ""UPDATE""], ""with_grant_option"": false}"
16_TABLE_PRIVILEGE,complaints,anon,"{""grantee"": ""anon"", ""grantor"": ""postgres"", ""privileges"": [""DELETE"", ""INSERT"", ""REFERENCES"", ""SELECT"", ""TRIGGER"", ""TRUNCATE"", ""UPDATE""], ""with_grant_option"": false}"
16_TABLE_PRIVILEGE,complaints,authenticated,"{""grantee"": ""authenticated"", ""grantor"": ""postgres"", ""privileges"": [""DELETE"", ""INSERT"", ""REFERENCES"", ""SELECT"", ""TRIGGER"", ""TRUNCATE"", ""UPDATE""], ""with_grant_option"": false}"
16_TABLE_PRIVILEGE,complaints,postgres,"{""grantee"": ""postgres"", ""grantor"": ""postgres"", ""privileges"": [""DELETE"", ""INSERT"", ""REFERENCES"", ""SELECT"", ""TRIGGER"", ""TRUNCATE"", ""UPDATE""], ""with_grant_option"": true}"
16_TABLE_PRIVILEGE,complaints,service_role,"{""grantee"": ""service_role"", ""grantor"": ""postgres"", ""privileges"": [""DELETE"", ""INSERT"", ""REFERENCES"", ""SELECT"", ""TRIGGER"", ""TRUNCATE"", ""UPDATE""], ""with_grant_option"": false}"
16_TABLE_PRIVILEGE,coupon_usages,anon,"{""grantee"": ""anon"", ""grantor"": ""postgres"", ""privileges"": [""DELETE"", ""INSERT"", ""REFERENCES"", ""SELECT"", ""TRIGGER"", ""TRUNCATE"", ""UPDATE""], ""with_grant_option"": false}"
16_TABLE_PRIVILEGE,coupon_usages,authenticated,"{""grantee"": ""authenticated"", ""grantor"": ""postgres"", ""privileges"": [""DELETE"", ""INSERT"", ""REFERENCES"", ""SELECT"", ""TRIGGER"", ""TRUNCATE"", ""UPDATE""], ""with_grant_option"": false}"
16_TABLE_PRIVILEGE,coupon_usages,postgres,"{""grantee"": ""postgres"", ""grantor"": ""postgres"", ""privileges"": [""DELETE"", ""INSERT"", ""REFERENCES"", ""SELECT"", ""TRIGGER"", ""TRUNCATE"", ""UPDATE""], ""with_grant_option"": true}"
16_TABLE_PRIVILEGE,coupon_usages,service_role,"{""grantee"": ""service_role"", ""grantor"": ""postgres"", ""privileges"": [""DELETE"", ""INSERT"", ""REFERENCES"", ""SELECT"", ""TRIGGER"", ""TRUNCATE"", ""UPDATE""], ""with_grant_option"": false}"
16_TABLE_PRIVILEGE,coupons,anon,"{""grantee"": ""anon"", ""grantor"": ""postgres"", ""privileges"": [""DELETE"", ""INSERT"", ""REFERENCES"", ""SELECT"", ""TRIGGER"", ""TRUNCATE"", ""UPDATE""], ""with_grant_option"": false}"
16_TABLE_PRIVILEGE,coupons,authenticated,"{""grantee"": ""authenticated"", ""grantor"": ""postgres"", ""privileges"": [""DELETE"", ""INSERT"", ""REFERENCES"", ""SELECT"", ""TRIGGER"", ""TRUNCATE"", ""UPDATE""], ""with_grant_option"": false}"
16_TABLE_PRIVILEGE,coupons,postgres,"{""grantee"": ""postgres"", ""grantor"": ""postgres"", ""privileges"": [""DELETE"", ""INSERT"", ""REFERENCES"", ""SELECT"", ""TRIGGER"", ""TRUNCATE"", ""UPDATE""], ""with_grant_option"": true}"
16_TABLE_PRIVILEGE,coupons,service_role,"{""grantee"": ""service_role"", ""grantor"": ""postgres"", ""privileges"": [""DELETE"", ""INSERT"", ""REFERENCES"", ""SELECT"", ""TRIGGER"", ""TRUNCATE"", ""UPDATE""], ""with_grant_option"": false}"
16_TABLE_PRIVILEGE,driver_locations,anon,"{""grantee"": ""anon"", ""grantor"": ""postgres"", ""privileges"": [""DELETE"", ""INSERT"", ""REFERENCES"", ""SELECT"", ""TRIGGER"", ""TRUNCATE"", ""UPDATE""], ""with_grant_option"": false}"
16_TABLE_PRIVILEGE,driver_locations,authenticated,"{""grantee"": ""authenticated"", ""grantor"": ""postgres"", ""privileges"": [""DELETE"", ""INSERT"", ""REFERENCES"", ""SELECT"", ""TRIGGER"", ""TRUNCATE"", ""UPDATE""], ""with_grant_option"": false}"
16_TABLE_PRIVILEGE,driver_locations,postgres,"{""grantee"": ""postgres"", ""grantor"": ""postgres"", ""privileges"": [""DELETE"", ""INSERT"", ""REFERENCES"", ""SELECT"", ""TRIGGER"", ""TRUNCATE"", ""UPDATE""], ""with_grant_option"": true}"
16_TABLE_PRIVILEGE,driver_locations,service_role,"{""grantee"": ""service_role"", ""grantor"": ""postgres"", ""privileges"": [""DELETE"", ""INSERT"", ""REFERENCES"", ""SELECT"", ""TRIGGER"", ""TRUNCATE"", ""UPDATE""], ""with_grant_option"": false}"
16_TABLE_PRIVILEGE,driver_revision_requests,anon,"{""grantee"": ""anon"", ""grantor"": ""postgres"", ""privileges"": [""DELETE"", ""INSERT"", ""REFERENCES"", ""SELECT"", ""TRIGGER"", ""TRUNCATE"", ""UPDATE""], ""with_grant_option"": false}"
16_TABLE_PRIVILEGE,driver_revision_requests,authenticated,"{""grantee"": ""authenticated"", ""grantor"": ""postgres"", ""privileges"": [""DELETE"", ""INSERT"", ""REFERENCES"", ""SELECT"", ""TRIGGER"", ""TRUNCATE"", ""UPDATE""], ""with_grant_option"": false}"
16_TABLE_PRIVILEGE,driver_revision_requests,postgres,"{""grantee"": ""postgres"", ""grantor"": ""postgres"", ""privileges"": [""DELETE"", ""INSERT"", ""REFERENCES"", ""SELECT"", ""TRIGGER"", ""TRUNCATE"", ""UPDATE""], ""with_grant_option"": true}"
16_TABLE_PRIVILEGE,driver_revision_requests,service_role,"{""grantee"": ""service_role"", ""grantor"": ""postgres"", ""privileges"": [""DELETE"", ""INSERT"", ""REFERENCES"", ""SELECT"", ""TRIGGER"", ""TRUNCATE"", ""UPDATE""], ""with_grant_option"": false}"
16_TABLE_PRIVILEGE,driver_wallets,anon,"{""grantee"": ""anon"", ""grantor"": ""postgres"", ""privileges"": [""DELETE"", ""INSERT"", ""REFERENCES"", ""SELECT"", ""TRIGGER"", ""TRUNCATE"", ""UPDATE""], ""with_grant_option"": false}"
16_TABLE_PRIVILEGE,driver_wallets,authenticated,"{""grantee"": ""authenticated"", ""grantor"": ""postgres"", ""privileges"": [""DELETE"", ""INSERT"", ""REFERENCES"", ""SELECT"", ""TRIGGER"", ""TRUNCATE"", ""UPDATE""], ""with_grant_option"": false}"
16_TABLE_PRIVILEGE,driver_wallets,postgres,"{""grantee"": ""postgres"", ""grantor"": ""postgres"", ""privileges"": [""DELETE"", ""INSERT"", ""REFERENCES"", ""SELECT"", ""TRIGGER"", ""TRUNCATE"", ""UPDATE""], ""with_grant_option"": true}"
16_TABLE_PRIVILEGE,driver_wallets,service_role,"{""grantee"": ""service_role"", ""grantor"": ""postgres"", ""privileges"": [""DELETE"", ""INSERT"", ""REFERENCES"", ""SELECT"", ""TRIGGER"", ""TRUNCATE"", ""UPDATE""], ""with_grant_option"": false}"
16_TABLE_PRIVILEGE,drivers_profile,anon,"{""grantee"": ""anon"", ""grantor"": ""postgres"", ""privileges"": [""DELETE"", ""INSERT"", ""REFERENCES"", ""SELECT"", ""TRIGGER"", ""TRUNCATE"", ""UPDATE""], ""with_grant_option"": false}"
16_TABLE_PRIVILEGE,drivers_profile,authenticated,"{""grantee"": ""authenticated"", ""grantor"": ""postgres"", ""privileges"": [""DELETE"", ""INSERT"", ""REFERENCES"", ""SELECT"", ""TRIGGER"", ""TRUNCATE"", ""UPDATE""], ""with_grant_option"": false}"
16_TABLE_PRIVILEGE,drivers_profile,postgres,"{""grantee"": ""postgres"", ""grantor"": ""postgres"", ""privileges"": [""DELETE"", ""INSERT"", ""REFERENCES"", ""SELECT"", ""TRIGGER"", ""TRUNCATE"", ""UPDATE""], ""with_grant_option"": true}"
16_TABLE_PRIVILEGE,drivers_profile,service_role,"{""grantee"": ""service_role"", ""grantor"": ""postgres"", ""privileges"": [""DELETE"", ""INSERT"", ""REFERENCES"", ""SELECT"", ""TRIGGER"", ""TRUNCATE"", ""UPDATE""], ""with_grant_option"": false}"
16_TABLE_PRIVILEGE,messages,anon,"{""grantee"": ""anon"", ""grantor"": ""postgres"", ""privileges"": [""DELETE"", ""INSERT"", ""REFERENCES"", ""SELECT"", ""TRIGGER"", ""TRUNCATE"", ""UPDATE""], ""with_grant_option"": false}"
16_TABLE_PRIVILEGE,messages,authenticated,"{""grantee"": ""authenticated"", ""grantor"": ""postgres"", ""privileges"": [""DELETE"", ""INSERT"", ""REFERENCES"", ""SELECT"", ""TRIGGER"", ""TRUNCATE"", ""UPDATE""], ""with_grant_option"": false}"
16_TABLE_PRIVILEGE,messages,postgres,"{""grantee"": ""postgres"", ""grantor"": ""postgres"", ""privileges"": [""DELETE"", ""INSERT"", ""REFERENCES"", ""SELECT"", ""TRIGGER"", ""TRUNCATE"", ""UPDATE""], ""with_grant_option"": true}"
16_TABLE_PRIVILEGE,messages,service_role,"{""grantee"": ""service_role"", ""grantor"": ""postgres"", ""privileges"": [""DELETE"", ""INSERT"", ""REFERENCES"", ""SELECT"", ""TRIGGER"", ""TRUNCATE"", ""UPDATE""], ""with_grant_option"": false}"
16_TABLE_PRIVILEGE,notifications,anon,"{""grantee"": ""anon"", ""grantor"": ""postgres"", ""privileges"": [""DELETE"", ""INSERT"", ""REFERENCES"", ""SELECT"", ""TRIGGER"", ""TRUNCATE"", ""UPDATE""], ""with_grant_option"": false}"
16_TABLE_PRIVILEGE,notifications,authenticated,"{""grantee"": ""authenticated"", ""grantor"": ""postgres"", ""privileges"": [""DELETE"", ""INSERT"", ""REFERENCES"", ""SELECT"", ""TRIGGER"", ""TRUNCATE"", ""UPDATE""], ""with_grant_option"": false}"
16_TABLE_PRIVILEGE,notifications,postgres,"{""grantee"": ""postgres"", ""grantor"": ""postgres"", ""privileges"": [""DELETE"", ""INSERT"", ""REFERENCES"", ""SELECT"", ""TRIGGER"", ""TRUNCATE"", ""UPDATE""], ""with_grant_option"": true}"
16_TABLE_PRIVILEGE,notifications,service_role,"{""grantee"": ""service_role"", ""grantor"": ""postgres"", ""privileges"": [""DELETE"", ""INSERT"", ""REFERENCES"", ""SELECT"", ""TRIGGER"", ""TRUNCATE"", ""UPDATE""], ""with_grant_option"": false}"
16_TABLE_PRIVILEGE,pricing_config,anon,"{""grantee"": ""anon"", ""grantor"": ""postgres"", ""privileges"": [""DELETE"", ""INSERT"", ""REFERENCES"", ""SELECT"", ""TRIGGER"", ""TRUNCATE"", ""UPDATE""], ""with_grant_option"": false}"
16_TABLE_PRIVILEGE,pricing_config,authenticated,"{""grantee"": ""authenticated"", ""grantor"": ""postgres"", ""privileges"": [""DELETE"", ""INSERT"", ""REFERENCES"", ""SELECT"", ""TRIGGER"", ""TRUNCATE"", ""UPDATE""], ""with_grant_option"": false}"
16_TABLE_PRIVILEGE,pricing_config,postgres,"{""grantee"": ""postgres"", ""grantor"": ""postgres"", ""privileges"": [""DELETE"", ""INSERT"", ""REFERENCES"", ""SELECT"", ""TRIGGER"", ""TRUNCATE"", ""UPDATE""], ""with_grant_option"": true}"
16_TABLE_PRIVILEGE,pricing_config,service_role,"{""grantee"": ""service_role"", ""grantor"": ""postgres"", ""privileges"": [""DELETE"", ""INSERT"", ""REFERENCES"", ""SELECT"", ""TRIGGER"", ""TRUNCATE"", ""UPDATE""], ""with_grant_option"": false}"
16_TABLE_PRIVILEGE,ratings,anon,"{""grantee"": ""anon"", ""grantor"": ""postgres"", ""privileges"": [""DELETE"", ""INSERT"", ""REFERENCES"", ""SELECT"", ""TRIGGER"", ""TRUNCATE"", ""UPDATE""], ""with_grant_option"": false}"
16_TABLE_PRIVILEGE,ratings,authenticated,"{""grantee"": ""authenticated"", ""grantor"": ""postgres"", ""privileges"": [""DELETE"", ""INSERT"", ""REFERENCES"", ""SELECT"", ""TRIGGER"", ""TRUNCATE"", ""UPDATE""], ""with_grant_option"": false}"
16_TABLE_PRIVILEGE,ratings,postgres,"{""grantee"": ""postgres"", ""grantor"": ""postgres"", ""privileges"": [""DELETE"", ""INSERT"", ""REFERENCES"", ""SELECT"", ""TRIGGER"", ""TRUNCATE"", ""UPDATE""], ""with_grant_option"": true}"
16_TABLE_PRIVILEGE,ratings,service_role,"{""grantee"": ""service_role"", ""grantor"": ""postgres"", ""privileges"": [""DELETE"", ""INSERT"", ""REFERENCES"", ""SELECT"", ""TRIGGER"", ""TRUNCATE"", ""UPDATE""], ""with_grant_option"": false}"
16_TABLE_PRIVILEGE,support_messages,anon,"{""grantee"": ""anon"", ""grantor"": ""postgres"", ""privileges"": [""DELETE"", ""INSERT"", ""REFERENCES"", ""SELECT"", ""TRIGGER"", ""TRUNCATE"", ""UPDATE""], ""with_grant_option"": false}"
16_TABLE_PRIVILEGE,support_messages,authenticated,"{""grantee"": ""authenticated"", ""grantor"": ""postgres"", ""privileges"": [""DELETE"", ""INSERT"", ""REFERENCES"", ""SELECT"", ""TRIGGER"", ""TRUNCATE"", ""UPDATE""], ""with_grant_option"": false}"
16_TABLE_PRIVILEGE,support_messages,postgres,"{""grantee"": ""postgres"", ""grantor"": ""postgres"", ""privileges"": [""DELETE"", ""INSERT"", ""REFERENCES"", ""SELECT"", ""TRIGGER"", ""TRUNCATE"", ""UPDATE""], ""with_grant_option"": true}"
16_TABLE_PRIVILEGE,support_messages,service_role,"{""grantee"": ""service_role"", ""grantor"": ""postgres"", ""privileges"": [""DELETE"", ""INSERT"", ""REFERENCES"", ""SELECT"", ""TRIGGER"", ""TRUNCATE"", ""UPDATE""], ""with_grant_option"": false}"
16_TABLE_PRIVILEGE,trip_offers,anon,"{""grantee"": ""anon"", ""grantor"": ""postgres"", ""privileges"": [""DELETE"", ""INSERT"", ""REFERENCES"", ""SELECT"", ""TRIGGER"", ""TRUNCATE"", ""UPDATE""], ""with_grant_option"": false}"
16_TABLE_PRIVILEGE,trip_offers,authenticated,"{""grantee"": ""authenticated"", ""grantor"": ""postgres"", ""privileges"": [""DELETE"", ""INSERT"", ""REFERENCES"", ""SELECT"", ""TRIGGER"", ""TRUNCATE"", ""UPDATE""], ""with_grant_option"": false}"
16_TABLE_PRIVILEGE,trip_offers,postgres,"{""grantee"": ""postgres"", ""grantor"": ""postgres"", ""privileges"": [""DELETE"", ""INSERT"", ""REFERENCES"", ""SELECT"", ""TRIGGER"", ""TRUNCATE"", ""UPDATE""], ""with_grant_option"": true}"
16_TABLE_PRIVILEGE,trip_offers,service_role,"{""grantee"": ""service_role"", ""grantor"": ""postgres"", ""privileges"": [""DELETE"", ""INSERT"", ""REFERENCES"", ""SELECT"", ""TRIGGER"", ""TRUNCATE"", ""UPDATE""], ""with_grant_option"": false}"
16_TABLE_PRIVILEGE,trips,anon,"{""grantee"": ""anon"", ""grantor"": ""postgres"", ""privileges"": [""DELETE"", ""INSERT"", ""REFERENCES"", ""SELECT"", ""TRIGGER"", ""TRUNCATE"", ""UPDATE""], ""with_grant_option"": false}"
16_TABLE_PRIVILEGE,trips,authenticated,"{""grantee"": ""authenticated"", ""grantor"": ""postgres"", ""privileges"": [""DELETE"", ""INSERT"", ""REFERENCES"", ""SELECT"", ""TRIGGER"", ""TRUNCATE"", ""UPDATE""], ""with_grant_option"": false}"
16_TABLE_PRIVILEGE,trips,postgres,"{""grantee"": ""postgres"", ""grantor"": ""postgres"", ""privileges"": [""DELETE"", ""INSERT"", ""REFERENCES"", ""SELECT"", ""TRIGGER"", ""TRUNCATE"", ""UPDATE""], ""with_grant_option"": true}"
16_TABLE_PRIVILEGE,trips,service_role,"{""grantee"": ""service_role"", ""grantor"": ""postgres"", ""privileges"": [""DELETE"", ""INSERT"", ""REFERENCES"", ""SELECT"", ""TRIGGER"", ""TRUNCATE"", ""UPDATE""], ""with_grant_option"": false}"
16_TABLE_PRIVILEGE,user_coupons,anon,"{""grantee"": ""anon"", ""grantor"": ""postgres"", ""privileges"": [""DELETE"", ""INSERT"", ""REFERENCES"", ""SELECT"", ""TRIGGER"", ""TRUNCATE"", ""UPDATE""], ""with_grant_option"": false}"
16_TABLE_PRIVILEGE,user_coupons,authenticated,"{""grantee"": ""authenticated"", ""grantor"": ""postgres"", ""privileges"": [""DELETE"", ""INSERT"", ""REFERENCES"", ""SELECT"", ""TRIGGER"", ""TRUNCATE"", ""UPDATE""], ""with_grant_option"": false}"
16_TABLE_PRIVILEGE,user_coupons,postgres,"{""grantee"": ""postgres"", ""grantor"": ""postgres"", ""privileges"": [""DELETE"", ""INSERT"", ""REFERENCES"", ""SELECT"", ""TRIGGER"", ""TRUNCATE"", ""UPDATE""], ""with_grant_option"": true}"
16_TABLE_PRIVILEGE,user_coupons,service_role,"{""grantee"": ""service_role"", ""grantor"": ""postgres"", ""privileges"": [""DELETE"", ""INSERT"", ""REFERENCES"", ""SELECT"", ""TRIGGER"", ""TRUNCATE"", ""UPDATE""], ""with_grant_option"": false}"
16_TABLE_PRIVILEGE,user_presence,anon,"{""grantee"": ""anon"", ""grantor"": ""postgres"", ""privileges"": [""DELETE"", ""INSERT"", ""REFERENCES"", ""SELECT"", ""TRIGGER"", ""TRUNCATE"", ""UPDATE""], ""with_grant_option"": false}"
16_TABLE_PRIVILEGE,user_presence,authenticated,"{""grantee"": ""authenticated"", ""grantor"": ""postgres"", ""privileges"": [""DELETE"", ""INSERT"", ""REFERENCES"", ""SELECT"", ""TRIGGER"", ""TRUNCATE"", ""UPDATE""], ""with_grant_option"": false}"
16_TABLE_PRIVILEGE,user_presence,postgres,"{""grantee"": ""postgres"", ""grantor"": ""postgres"", ""privileges"": [""DELETE"", ""INSERT"", ""REFERENCES"", ""SELECT"", ""TRIGGER"", ""TRUNCATE"", ""UPDATE""], ""with_grant_option"": true}"
16_TABLE_PRIVILEGE,user_presence,service_role,"{""grantee"": ""service_role"", ""grantor"": ""postgres"", ""privileges"": [""DELETE"", ""INSERT"", ""REFERENCES"", ""SELECT"", ""TRIGGER"", ""TRUNCATE"", ""UPDATE""], ""with_grant_option"": false}"
16_TABLE_PRIVILEGE,user_wallets,anon,"{""grantee"": ""anon"", ""grantor"": ""postgres"", ""privileges"": [""DELETE"", ""INSERT"", ""REFERENCES"", ""SELECT"", ""TRIGGER"", ""TRUNCATE"", ""UPDATE""], ""with_grant_option"": false}"
16_TABLE_PRIVILEGE,user_wallets,authenticated,"{""grantee"": ""authenticated"", ""grantor"": ""postgres"", ""privileges"": [""DELETE"", ""INSERT"", ""REFERENCES"", ""SELECT"", ""TRIGGER"", ""TRUNCATE"", ""UPDATE""], ""with_grant_option"": false}"
16_TABLE_PRIVILEGE,user_wallets,postgres,"{""grantee"": ""postgres"", ""grantor"": ""postgres"", ""privileges"": [""DELETE"", ""INSERT"", ""REFERENCES"", ""SELECT"", ""TRIGGER"", ""TRUNCATE"", ""UPDATE""], ""with_grant_option"": true}"
16_TABLE_PRIVILEGE,user_wallets,service_role,"{""grantee"": ""service_role"", ""grantor"": ""postgres"", ""privileges"": [""DELETE"", ""INSERT"", ""REFERENCES"", ""SELECT"", ""TRIGGER"", ""TRUNCATE"", ""UPDATE""], ""with_grant_option"": false}"
16_TABLE_PRIVILEGE,users,anon,"{""grantee"": ""anon"", ""grantor"": ""postgres"", ""privileges"": [""DELETE"", ""INSERT"", ""REFERENCES"", ""SELECT"", ""TRIGGER"", ""TRUNCATE"", ""UPDATE""], ""with_grant_option"": false}"
16_TABLE_PRIVILEGE,users,authenticated,"{""grantee"": ""authenticated"", ""grantor"": ""postgres"", ""privileges"": [""DELETE"", ""INSERT"", ""REFERENCES"", ""SELECT"", ""TRIGGER"", ""TRUNCATE"", ""UPDATE""], ""with_grant_option"": false}"
16_TABLE_PRIVILEGE,users,postgres,"{""grantee"": ""postgres"", ""grantor"": ""postgres"", ""privileges"": [""DELETE"", ""INSERT"", ""REFERENCES"", ""SELECT"", ""TRIGGER"", ""TRUNCATE"", ""UPDATE""], ""with_grant_option"": true}"
16_TABLE_PRIVILEGE,users,service_role,"{""grantee"": ""service_role"", ""grantor"": ""postgres"", ""privileges"": [""DELETE"", ""INSERT"", ""REFERENCES"", ""SELECT"", ""TRIGGER"", ""TRUNCATE"", ""UPDATE""], ""with_grant_option"": false}"
16_TABLE_PRIVILEGE,vehicle_types,anon,"{""grantee"": ""anon"", ""grantor"": ""postgres"", ""privileges"": [""DELETE"", ""INSERT"", ""REFERENCES"", ""SELECT"", ""TRIGGER"", ""TRUNCATE"", ""UPDATE""], ""with_grant_option"": false}"
16_TABLE_PRIVILEGE,vehicle_types,authenticated,"{""grantee"": ""authenticated"", ""grantor"": ""postgres"", ""privileges"": [""DELETE"", ""INSERT"", ""REFERENCES"", ""SELECT"", ""TRIGGER"", ""TRUNCATE"", ""UPDATE""], ""with_grant_option"": false}"
16_TABLE_PRIVILEGE,vehicle_types,postgres,"{""grantee"": ""postgres"", ""grantor"": ""postgres"", ""privileges"": [""DELETE"", ""INSERT"", ""REFERENCES"", ""SELECT"", ""TRIGGER"", ""TRUNCATE"", ""UPDATE""], ""with_grant_option"": true}"
16_TABLE_PRIVILEGE,vehicle_types,service_role,"{""grantee"": ""service_role"", ""grantor"": ""postgres"", ""privileges"": [""DELETE"", ""INSERT"", ""REFERENCES"", ""SELECT"", ""TRIGGER"", ""TRUNCATE"", ""UPDATE""], ""with_grant_option"": false}"
16_TABLE_PRIVILEGE,wallet_transactions,anon,"{""grantee"": ""anon"", ""grantor"": ""postgres"", ""privileges"": [""DELETE"", ""INSERT"", ""REFERENCES"", ""SELECT"", ""TRIGGER"", ""TRUNCATE"", ""UPDATE""], ""with_grant_option"": false}"
16_TABLE_PRIVILEGE,wallet_transactions,authenticated,"{""grantee"": ""authenticated"", ""grantor"": ""postgres"", ""privileges"": [""DELETE"", ""INSERT"", ""REFERENCES"", ""SELECT"", ""TRIGGER"", ""TRUNCATE"", ""UPDATE""], ""with_grant_option"": false}"
16_TABLE_PRIVILEGE,wallet_transactions,postgres,"{""grantee"": ""postgres"", ""grantor"": ""postgres"", ""privileges"": [""DELETE"", ""INSERT"", ""REFERENCES"", ""SELECT"", ""TRIGGER"", ""TRUNCATE"", ""UPDATE""], ""with_grant_option"": true}"
16_TABLE_PRIVILEGE,wallet_transactions,service_role,"{""grantee"": ""service_role"", ""grantor"": ""postgres"", ""privileges"": [""DELETE"", ""INSERT"", ""REFERENCES"", ""SELECT"", ""TRIGGER"", ""TRUNCATE"", ""UPDATE""], ""with_grant_option"": false}"
16_TABLE_PRIVILEGE,withdrawal_requests,anon,"{""grantee"": ""anon"", ""grantor"": ""postgres"", ""privileges"": [""DELETE"", ""INSERT"", ""REFERENCES"", ""SELECT"", ""TRIGGER"", ""TRUNCATE"", ""UPDATE""], ""with_grant_option"": false}"
16_TABLE_PRIVILEGE,withdrawal_requests,authenticated,"{""grantee"": ""authenticated"", ""grantor"": ""postgres"", ""privileges"": [""DELETE"", ""INSERT"", ""REFERENCES"", ""SELECT"", ""TRIGGER"", ""TRUNCATE"", ""UPDATE""], ""with_grant_option"": false}"
16_TABLE_PRIVILEGE,withdrawal_requests,postgres,"{""grantee"": ""postgres"", ""grantor"": ""postgres"", ""privileges"": [""DELETE"", ""INSERT"", ""REFERENCES"", ""SELECT"", ""TRIGGER"", ""TRUNCATE"", ""UPDATE""], ""with_grant_option"": true}"
16_TABLE_PRIVILEGE,withdrawal_requests,service_role,"{""grantee"": ""service_role"", ""grantor"": ""postgres"", ""privileges"": [""DELETE"", ""INSERT"", ""REFERENCES"", ""SELECT"", ""TRIGGER"", ""TRUNCATE"", ""UPDATE""], ""with_grant_option"": false}"
05_COLUMN,drivers_profile,current_lat,"{""type"": {""udt_name"": ""numeric"", ""data_type"": ""numeric"", ""numeric_scale"": 8, ""char_max_length"": null, ""numeric_precision"": 10}, ""default"": null, ""identity"": null, ""nullable"": true, ""position"": 17, ""generated"": null, ""statistics"": {""correlation"": 1.0000, ""avg_width_bytes"": 8, ""distinct_values"": -0.67, ""null_fraction_pct"": 33.33, ""most_common_values"": null}, ""description"": null}"
05_COLUMN,trips,accepted_at,"{""type"": {""udt_name"": ""timestamptz"", ""data_type"": ""timestamp with time zone"", ""numeric_scale"": null, ""char_max_length"": null, ""numeric_precision"": null}, ""default"": null, ""identity"": null, ""nullable"": true, ""position"": 17, ""generated"": null, ""statistics"": {""correlation"": 1.0000, ""avg_width_bytes"": 8, ""distinct_values"": -0.07, ""null_fraction_pct"": 93.10, ""most_common_values"": null}, ""description"": null}"
05_COLUMN,users,blocked_reason,"{""type"": {""udt_name"": ""text"", ""data_type"": ""text"", ""numeric_scale"": null, ""char_max_length"": null, ""numeric_precision"": null}, ""default"": null, ""identity"": null, ""nullable"": true, ""position"": 17, ""generated"": null, ""statistics"": {""correlation"": 0.0000, ""avg_width_bytes"": 0, ""distinct_values"": 0.00, ""null_fraction_pct"": 100.00, ""most_common_values"": null}, ""description"": null}"
05_COLUMN,users,blocked_reason,"{""type"": {""udt_name"": ""text"", ""data_type"": ""text"", ""numeric_scale"": null, ""char_max_length"": null, ""numeric_precision"": null}, ""default"": null, ""identity"": null, ""nullable"": true, ""position"": 17, ""generated"": null, ""statistics"": {""correlation"": 0.0000, ""avg_width_bytes"": 0, ""distinct_values"": 0.00, ""null_fraction_pct"": 100.00, ""most_common_values"": null}, ""description"": null}"
17_FUNCTION_PRIVILEGE,_fn_increment_coupon_used_count,postgres,"{""grantee"": ""postgres"", ""grantor"": ""postgres"", ""function"": ""_fn_increment_coupon_used_count"", ""privilege"": ""EXECUTE"", ""with_grant_option"": true}"
17_FUNCTION_PRIVILEGE,_fn_increment_coupon_used_count,service_role,"{""grantee"": ""service_role"", ""grantor"": ""postgres"", ""function"": ""_fn_increment_coupon_used_count"", ""privilege"": ""EXECUTE"", ""with_grant_option"": false}"
17_FUNCTION_PRIVILEGE,_fn_recalculate_driver_rating,postgres,"{""grantee"": ""postgres"", ""grantor"": ""postgres"", ""function"": ""_fn_recalculate_driver_rating"", ""privilege"": ""EXECUTE"", ""with_grant_option"": true}"
17_FUNCTION_PRIVILEGE,_fn_recalculate_driver_rating,service_role,"{""grantee"": ""service_role"", ""grantor"": ""postgres"", ""function"": ""_fn_recalculate_driver_rating"", ""privilege"": ""EXECUTE"", ""with_grant_option"": false}"
17_FUNCTION_PRIVILEGE,_fn_update_total_trips_on_complete,postgres,"{""grantee"": ""postgres"", ""grantor"": ""postgres"", ""function"": ""_fn_update_total_trips_on_complete"", ""privilege"": ""EXECUTE"", ""with_grant_option"": true}"
17_FUNCTION_PRIVILEGE,_fn_update_total_trips_on_complete,service_role,"{""grantee"": ""service_role"", ""grantor"": ""postgres"", ""function"": ""_fn_update_total_trips_on_complete"", ""privilege"": ""EXECUTE"", ""with_grant_option"": false}"
17_FUNCTION_PRIVILEGE,admin_update_pricing,postgres,"{""grantee"": ""postgres"", ""grantor"": ""postgres"", ""function"": ""admin_update_pricing"", ""privilege"": ""EXECUTE"", ""with_grant_option"": true}"
17_FUNCTION_PRIVILEGE,admin_update_pricing,service_role,"{""grantee"": ""service_role"", ""grantor"": ""postgres"", ""function"": ""admin_update_pricing"", ""privilege"": ""EXECUTE"", ""with_grant_option"": false}"
17_FUNCTION_PRIVILEGE,apply_coupon_to_trip,authenticated,"{""grantee"": ""authenticated"", ""grantor"": ""postgres"", ""function"": ""apply_coupon_to_trip"", ""privilege"": ""EXECUTE"", ""with_grant_option"": false}"
17_FUNCTION_PRIVILEGE,apply_coupon_to_trip,postgres,"{""grantee"": ""postgres"", ""grantor"": ""postgres"", ""function"": ""apply_coupon_to_trip"", ""privilege"": ""EXECUTE"", ""with_grant_option"": true}"
17_FUNCTION_PRIVILEGE,apply_coupon_to_trip,service_role,"{""grantee"": ""service_role"", ""grantor"": ""postgres"", ""function"": ""apply_coupon_to_trip"", ""privilege"": ""EXECUTE"", ""with_grant_option"": false}"
17_FUNCTION_PRIVILEGE,approve_withdrawal,postgres,"{""grantee"": ""postgres"", ""grantor"": ""postgres"", ""function"": ""approve_withdrawal"", ""privilege"": ""EXECUTE"", ""with_grant_option"": true}"
17_FUNCTION_PRIVILEGE,approve_withdrawal,service_role,"{""grantee"": ""service_role"", ""grantor"": ""postgres"", ""function"": ""approve_withdrawal"", ""privilege"": ""EXECUTE"", ""with_grant_option"": false}"
17_FUNCTION_PRIVILEGE,block_user,postgres,"{""grantee"": ""postgres"", ""grantor"": ""postgres"", ""function"": ""block_user"", ""privilege"": ""EXECUTE"", ""with_grant_option"": true}"
17_FUNCTION_PRIVILEGE,block_user,service_role,"{""grantee"": ""service_role"", ""grantor"": ""postgres"", ""function"": ""block_user"", ""privilege"": ""EXECUTE"", ""with_grant_option"": false}"
17_FUNCTION_PRIVILEGE,calculate_trip_price,PUBLIC,"{""grantee"": ""PUBLIC"", ""grantor"": ""postgres"", ""function"": ""calculate_trip_price"", ""privilege"": ""EXECUTE"", ""with_grant_option"": false}"
17_FUNCTION_PRIVILEGE,calculate_trip_price,anon,"{""grantee"": ""anon"", ""grantor"": ""postgres"", ""function"": ""calculate_trip_price"", ""privilege"": ""EXECUTE"", ""with_grant_option"": false}"
17_FUNCTION_PRIVILEGE,calculate_trip_price,authenticated,"{""grantee"": ""authenticated"", ""grantor"": ""postgres"", ""function"": ""calculate_trip_price"", ""privilege"": ""EXECUTE"", ""with_grant_option"": false}"
17_FUNCTION_PRIVILEGE,calculate_trip_price,postgres,"{""grantee"": ""postgres"", ""grantor"": ""postgres"", ""function"": ""calculate_trip_price"", ""privilege"": ""EXECUTE"", ""with_grant_option"": true}"
17_FUNCTION_PRIVILEGE,calculate_trip_price,service_role,"{""grantee"": ""service_role"", ""grantor"": ""postgres"", ""function"": ""calculate_trip_price"", ""privilege"": ""EXECUTE"", ""with_grant_option"": false}"
17_FUNCTION_PRIVILEGE,cancel_trip,authenticated,"{""grantee"": ""authenticated"", ""grantor"": ""postgres"", ""function"": ""cancel_trip"", ""privilege"": ""EXECUTE"", ""with_grant_option"": false}"
17_FUNCTION_PRIVILEGE,cancel_trip,postgres,"{""grantee"": ""postgres"", ""grantor"": ""postgres"", ""function"": ""cancel_trip"", ""privilege"": ""EXECUTE"", ""with_grant_option"": true}"
17_FUNCTION_PRIVILEGE,cancel_trip,service_role,"{""grantee"": ""service_role"", ""grantor"": ""postgres"", ""function"": ""cancel_trip"", ""privilege"": ""EXECUTE"", ""with_grant_option"": false}"
17_FUNCTION_PRIVILEGE,cleanup_orphan_trip_offers,postgres,"{""grantee"": ""postgres"", ""grantor"": ""postgres"", ""function"": ""cleanup_orphan_trip_offers"", ""privilege"": ""EXECUTE"", ""with_grant_option"": true}"
17_FUNCTION_PRIVILEGE,cleanup_orphan_trip_offers,service_role,"{""grantee"": ""service_role"", ""grantor"": ""postgres"", ""function"": ""cleanup_orphan_trip_offers"", ""privilege"": ""EXECUTE"", ""with_grant_option"": false}"
17_FUNCTION_PRIVILEGE,cleanup_stale_trips,postgres,"{""grantee"": ""postgres"", ""grantor"": ""postgres"", ""function"": ""cleanup_stale_trips"", ""privilege"": ""EXECUTE"", ""with_grant_option"": true}"
17_FUNCTION_PRIVILEGE,cleanup_stale_trips,service_role,"{""grantee"": ""service_role"", ""grantor"": ""postgres"", ""function"": ""cleanup_stale_trips"", ""privilege"": ""EXECUTE"", ""with_grant_option"": false}"
17_FUNCTION_PRIVILEGE,cleanup_stale_user_presence,postgres,"{""grantee"": ""postgres"", ""grantor"": ""postgres"", ""function"": ""cleanup_stale_user_presence"", ""privilege"": ""EXECUTE"", ""with_grant_option"": true}"
17_FUNCTION_PRIVILEGE,cleanup_stale_user_presence,service_role,"{""grantee"": ""service_role"", ""grantor"": ""postgres"", ""function"": ""cleanup_stale_user_presence"", ""privilege"": ""EXECUTE"", ""with_grant_option"": false}"
17_FUNCTION_PRIVILEGE,cleanup_stuck_trips,postgres,"{""grantee"": ""postgres"", ""grantor"": ""postgres"", ""function"": ""cleanup_stuck_trips"", ""privilege"": ""EXECUTE"", ""with_grant_option"": true}"
17_FUNCTION_PRIVILEGE,cleanup_stuck_trips,service_role,"{""grantee"": ""service_role"", ""grantor"": ""postgres"", ""function"": ""cleanup_stuck_trips"", ""privilege"": ""EXECUTE"", ""with_grant_option"": false}"
17_FUNCTION_PRIVILEGE,create_driver_account,authenticated,"{""grantee"": ""authenticated"", ""grantor"": ""postgres"", ""function"": ""create_driver_account"", ""privilege"": ""EXECUTE"", ""with_grant_option"": false}"
17_FUNCTION_PRIVILEGE,create_driver_account,postgres,"{""grantee"": ""postgres"", ""grantor"": ""postgres"", ""function"": ""create_driver_account"", ""privilege"": ""EXECUTE"", ""with_grant_option"": true}"
17_FUNCTION_PRIVILEGE,create_driver_account,service_role,"{""grantee"": ""service_role"", ""grantor"": ""postgres"", ""function"": ""create_driver_account"", ""privilege"": ""EXECUTE"", ""with_grant_option"": false}"
17_FUNCTION_PRIVILEGE,demote_user_from_admin,postgres,"{""grantee"": ""postgres"", ""grantor"": ""postgres"", ""function"": ""demote_user_from_admin"", ""privilege"": ""EXECUTE"", ""with_grant_option"": true}"
17_FUNCTION_PRIVILEGE,demote_user_from_admin,service_role,"{""grantee"": ""service_role"", ""grantor"": ""postgres"", ""function"": ""demote_user_from_admin"", ""privilege"": ""EXECUTE"", ""with_grant_option"": false}"
17_FUNCTION_PRIVILEGE,driver_accept_trip,authenticated,"{""grantee"": ""authenticated"", ""grantor"": ""postgres"", ""function"": ""driver_accept_trip"", ""privilege"": ""EXECUTE"", ""with_grant_option"": false}"
17_FUNCTION_PRIVILEGE,driver_accept_trip,postgres,"{""grantee"": ""postgres"", ""grantor"": ""postgres"", ""function"": ""driver_accept_trip"", ""privilege"": ""EXECUTE"", ""with_grant_option"": true}"
17_FUNCTION_PRIVILEGE,driver_accept_trip,service_role,"{""grantee"": ""service_role"", ""grantor"": ""postgres"", ""function"": ""driver_accept_trip"", ""privilege"": ""EXECUTE"", ""with_grant_option"": false}"
17_FUNCTION_PRIVILEGE,driver_complete_trip,authenticated,"{""grantee"": ""authenticated"", ""grantor"": ""postgres"", ""function"": ""driver_complete_trip"", ""privilege"": ""EXECUTE"", ""with_grant_option"": false}"
17_FUNCTION_PRIVILEGE,driver_complete_trip,postgres,"{""grantee"": ""postgres"", ""grantor"": ""postgres"", ""function"": ""driver_complete_trip"", ""privilege"": ""EXECUTE"", ""with_grant_option"": true}"
17_FUNCTION_PRIVILEGE,driver_complete_trip,service_role,"{""grantee"": ""service_role"", ""grantor"": ""postgres"", ""function"": ""driver_complete_trip"", ""privilege"": ""EXECUTE"", ""with_grant_option"": false}"
17_FUNCTION_PRIVILEGE,driver_reject_trip,authenticated,"{""grantee"": ""authenticated"", ""grantor"": ""postgres"", ""function"": ""driver_reject_trip"", ""privilege"": ""EXECUTE"", ""with_grant_option"": false}"
17_FUNCTION_PRIVILEGE,driver_reject_trip,postgres,"{""grantee"": ""postgres"", ""grantor"": ""postgres"", ""function"": ""driver_reject_trip"", ""privilege"": ""EXECUTE"", ""with_grant_option"": true}"
17_FUNCTION_PRIVILEGE,driver_reject_trip,service_role,"{""grantee"": ""service_role"", ""grantor"": ""postgres"", ""function"": ""driver_reject_trip"", ""privilege"": ""EXECUTE"", ""with_grant_option"": false}"
17_FUNCTION_PRIVILEGE,driver_start_trip,authenticated,"{""grantee"": ""authenticated"", ""grantor"": ""postgres"", ""function"": ""driver_start_trip"", ""privilege"": ""EXECUTE"", ""with_grant_option"": false}"
17_FUNCTION_PRIVILEGE,driver_start_trip,postgres,"{""grantee"": ""postgres"", ""grantor"": ""postgres"", ""function"": ""driver_start_trip"", ""privilege"": ""EXECUTE"", ""with_grant_option"": true}"
17_FUNCTION_PRIVILEGE,driver_start_trip,service_role,"{""grantee"": ""service_role"", ""grantor"": ""postgres"", ""function"": ""driver_start_trip"", ""privilege"": ""EXECUTE"", ""with_grant_option"": false}"
17_FUNCTION_PRIVILEGE,expire_trip_offers,postgres,"{""grantee"": ""postgres"", ""grantor"": ""postgres"", ""function"": ""expire_trip_offers"", ""privilege"": ""EXECUTE"", ""with_grant_option"": true}"
17_FUNCTION_PRIVILEGE,expire_trip_offers,service_role,"{""grantee"": ""service_role"", ""grantor"": ""postgres"", ""function"": ""expire_trip_offers"", ""privilege"": ""EXECUTE"", ""with_grant_option"": false}"
17_FUNCTION_PRIVILEGE,fn_create_driver_wallet,postgres,"{""grantee"": ""postgres"", ""grantor"": ""postgres"", ""function"": ""fn_create_driver_wallet"", ""privilege"": ""EXECUTE"", ""with_grant_option"": true}"
17_FUNCTION_PRIVILEGE,fn_create_driver_wallet,service_role,"{""grantee"": ""service_role"", ""grantor"": ""postgres"", ""function"": ""fn_create_driver_wallet"", ""privilege"": ""EXECUTE"", ""with_grant_option"": false}"
17_FUNCTION_PRIVILEGE,fn_create_user_wallet,postgres,"{""grantee"": ""postgres"", ""grantor"": ""postgres"", ""function"": ""fn_create_user_wallet"", ""privilege"": ""EXECUTE"", ""with_grant_option"": true}"
17_FUNCTION_PRIVILEGE,fn_create_user_wallet,service_role,"{""grantee"": ""service_role"", ""grantor"": ""postgres"", ""function"": ""fn_create_user_wallet"", ""privilege"": ""EXECUTE"", ""with_grant_option"": false}"
17_FUNCTION_PRIVILEGE,fn_credit_driver_earnings_on_trip_complete,postgres,"{""grantee"": ""postgres"", ""grantor"": ""postgres"", ""function"": ""fn_credit_driver_earnings_on_trip_complete"", ""privilege"": ""EXECUTE"", ""with_grant_option"": true}"
17_FUNCTION_PRIVILEGE,fn_credit_driver_earnings_on_trip_complete,service_role,"{""grantee"": ""service_role"", ""grantor"": ""postgres"", ""function"": ""fn_credit_driver_earnings_on_trip_complete"", ""privilege"": ""EXECUTE"", ""with_grant_option"": false}"
17_FUNCTION_PRIVILEGE,get_admin_dashboard_stats,postgres,"{""grantee"": ""postgres"", ""grantor"": ""postgres"", ""function"": ""get_admin_dashboard_stats"", ""privilege"": ""EXECUTE"", ""with_grant_option"": true}"
17_FUNCTION_PRIVILEGE,get_admin_dashboard_stats,service_role,"{""grantee"": ""service_role"", ""grantor"": ""postgres"", ""function"": ""get_admin_dashboard_stats"", ""privilege"": ""EXECUTE"", ""with_grant_option"": false}"
17_FUNCTION_PRIVILEGE,get_driver_avg_rating,authenticated,"{""grantee"": ""authenticated"", ""grantor"": ""postgres"", ""function"": ""get_driver_avg_rating"", ""privilege"": ""EXECUTE"", ""with_grant_option"": false}"
17_FUNCTION_PRIVILEGE,get_driver_avg_rating,postgres,"{""grantee"": ""postgres"", ""grantor"": ""postgres"", ""function"": ""get_driver_avg_rating"", ""privilege"": ""EXECUTE"", ""with_grant_option"": true}"
17_FUNCTION_PRIVILEGE,get_driver_avg_rating,service_role,"{""grantee"": ""service_role"", ""grantor"": ""postgres"", ""function"": ""get_driver_avg_rating"", ""privilege"": ""EXECUTE"", ""with_grant_option"": false}"
17_FUNCTION_PRIVILEGE,get_nearby_drivers,authenticated,"{""grantee"": ""authenticated"", ""grantor"": ""postgres"", ""function"": ""get_nearby_drivers"", ""privilege"": ""EXECUTE"", ""with_grant_option"": false}"
17_FUNCTION_PRIVILEGE,get_nearby_drivers,postgres,"{""grantee"": ""postgres"", ""grantor"": ""postgres"", ""function"": ""get_nearby_drivers"", ""privilege"": ""EXECUTE"", ""with_grant_option"": true}"
17_FUNCTION_PRIVILEGE,get_nearby_drivers,service_role,"{""grantee"": ""service_role"", ""grantor"": ""postgres"", ""function"": ""get_nearby_drivers"", ""privilege"": ""EXECUTE"", ""with_grant_option"": false}"
17_FUNCTION_PRIVILEGE,handle_new_auth_user,postgres,"{""grantee"": ""postgres"", ""grantor"": ""postgres"", ""function"": ""handle_new_auth_user"", ""privilege"": ""EXECUTE"", ""with_grant_option"": true}"
17_FUNCTION_PRIVILEGE,handle_new_auth_user,service_role,"{""grantee"": ""service_role"", ""grantor"": ""postgres"", ""function"": ""handle_new_auth_user"", ""privilege"": ""EXECUTE"", ""with_grant_option"": false}"
17_FUNCTION_PRIVILEGE,handle_new_user,postgres,"{""grantee"": ""postgres"", ""grantor"": ""postgres"", ""function"": ""handle_new_user"", ""privilege"": ""EXECUTE"", ""with_grant_option"": true}"
17_FUNCTION_PRIVILEGE,handle_new_user,service_role,"{""grantee"": ""service_role"", ""grantor"": ""postgres"", ""function"": ""handle_new_user"", ""privilege"": ""EXECUTE"", ""with_grant_option"": false}"
17_FUNCTION_PRIVILEGE,handle_trip_accepted,postgres,"{""grantee"": ""postgres"", ""grantor"": ""postgres"", ""function"": ""handle_trip_accepted"", ""privilege"": ""EXECUTE"", ""with_grant_option"": true}"
17_FUNCTION_PRIVILEGE,handle_trip_accepted,service_role,"{""grantee"": ""service_role"", ""grantor"": ""postgres"", ""function"": ""handle_trip_accepted"", ""privilege"": ""EXECUTE"", ""with_grant_option"": false}"
17_FUNCTION_PRIVILEGE,is_admin_user,authenticated,"{""grantee"": ""authenticated"", ""grantor"": ""postgres"", ""function"": ""is_admin_user"", ""privilege"": ""EXECUTE"", ""with_grant_option"": false}"
17_FUNCTION_PRIVILEGE,is_admin_user,postgres,"{""grantee"": ""postgres"", ""grantor"": ""postgres"", ""function"": ""is_admin_user"", ""privilege"": ""EXECUTE"", ""with_grant_option"": true}"
17_FUNCTION_PRIVILEGE,is_admin_user,service_role,"{""grantee"": ""service_role"", ""grantor"": ""postgres"", ""function"": ""is_admin_user"", ""privilege"": ""EXECUTE"", ""with_grant_option"": false}"
17_FUNCTION_PRIVILEGE,log_admin_action,postgres,"{""grantee"": ""postgres"", ""grantor"": ""postgres"", ""function"": ""log_admin_action"", ""privilege"": ""EXECUTE"", ""with_grant_option"": true}"
17_FUNCTION_PRIVILEGE,log_admin_action,service_role,"{""grantee"": ""service_role"", ""grantor"": ""postgres"", ""function"": ""log_admin_action"", ""privilege"": ""EXECUTE"", ""with_grant_option"": false}"
17_FUNCTION_PRIVILEGE,promote_user_to_admin,postgres,"{""grantee"": ""postgres"", ""grantor"": ""postgres"", ""function"": ""promote_user_to_admin"", ""privilege"": ""EXECUTE"", ""with_grant_option"": true}"
17_FUNCTION_PRIVILEGE,promote_user_to_admin,service_role,"{""grantee"": ""service_role"", ""grantor"": ""postgres"", ""function"": ""promote_user_to_admin"", ""privilege"": ""EXECUTE"", ""with_grant_option"": false}"
17_FUNCTION_PRIVILEGE,reject_withdrawal,postgres,"{""grantee"": ""postgres"", ""grantor"": ""postgres"", ""function"": ""reject_withdrawal"", ""privilege"": ""EXECUTE"", ""with_grant_option"": true}"
17_FUNCTION_PRIVILEGE,reject_withdrawal,service_role,"{""grantee"": ""service_role"", ""grantor"": ""postgres"", ""function"": ""reject_withdrawal"", ""privilege"": ""EXECUTE"", ""with_grant_option"": false}"
17_FUNCTION_PRIVILEGE,request_driver_revision,postgres,"{""grantee"": ""postgres"", ""grantor"": ""postgres"", ""function"": ""request_driver_revision"", ""privilege"": ""EXECUTE"", ""with_grant_option"": true}"
17_FUNCTION_PRIVILEGE,request_driver_revision,service_role,"{""grantee"": ""service_role"", ""grantor"": ""postgres"", ""function"": ""request_driver_revision"", ""privilege"": ""EXECUTE"", ""with_grant_option"": false}"
17_FUNCTION_PRIVILEGE,request_driver_withdrawal,authenticated,"{""grantee"": ""authenticated"", ""grantor"": ""postgres"", ""function"": ""request_driver_withdrawal"", ""privilege"": ""EXECUTE"", ""with_grant_option"": false}"
17_FUNCTION_PRIVILEGE,request_driver_withdrawal,postgres,"{""grantee"": ""postgres"", ""grantor"": ""postgres"", ""function"": ""request_driver_withdrawal"", ""privilege"": ""EXECUTE"", ""with_grant_option"": true}"
17_FUNCTION_PRIVILEGE,request_driver_withdrawal,service_role,"{""grantee"": ""service_role"", ""grantor"": ""postgres"", ""function"": ""request_driver_withdrawal"", ""privilege"": ""EXECUTE"", ""with_grant_option"": false}"
17_FUNCTION_PRIVILEGE,resolve_complaint,postgres,"{""grantee"": ""postgres"", ""grantor"": ""postgres"", ""function"": ""resolve_complaint"", ""privilege"": ""EXECUTE"", ""with_grant_option"": true}"
17_FUNCTION_PRIVILEGE,resolve_complaint,service_role,"{""grantee"": ""service_role"", ""grantor"": ""postgres"", ""function"": ""resolve_complaint"", ""privilege"": ""EXECUTE"", ""with_grant_option"": false}"
17_FUNCTION_PRIVILEGE,set_driver_offline,authenticated,"{""grantee"": ""authenticated"", ""grantor"": ""postgres"", ""function"": ""set_driver_offline"", ""privilege"": ""EXECUTE"", ""with_grant_option"": false}"
17_FUNCTION_PRIVILEGE,set_driver_offline,postgres,"{""grantee"": ""postgres"", ""grantor"": ""postgres"", ""function"": ""set_driver_offline"", ""privilege"": ""EXECUTE"", ""with_grant_option"": true}"
17_FUNCTION_PRIVILEGE,set_driver_offline,service_role,"{""grantee"": ""service_role"", ""grantor"": ""postgres"", ""function"": ""set_driver_offline"", ""privilege"": ""EXECUTE"", ""with_grant_option"": false}"
17_FUNCTION_PRIVILEGE,set_driver_online,authenticated,"{""grantee"": ""authenticated"", ""grantor"": ""postgres"", ""function"": ""set_driver_online"", ""privilege"": ""EXECUTE"", ""with_grant_option"": false}"
17_FUNCTION_PRIVILEGE,set_driver_online,postgres,"{""grantee"": ""postgres"", ""grantor"": ""postgres"", ""function"": ""set_driver_online"", ""privilege"": ""EXECUTE"", ""with_grant_option"": true}"
17_FUNCTION_PRIVILEGE,set_driver_online,service_role,"{""grantee"": ""service_role"", ""grantor"": ""postgres"", ""function"": ""set_driver_online"", ""privilege"": ""EXECUTE"", ""with_grant_option"": false}"
17_FUNCTION_PRIVILEGE,set_first_user_as_admin,postgres,"{""grantee"": ""postgres"", ""grantor"": ""postgres"", ""function"": ""set_first_user_as_admin"", ""privilege"": ""EXECUTE"", ""with_grant_option"": true}"
17_FUNCTION_PRIVILEGE,set_first_user_as_admin,service_role,"{""grantee"": ""service_role"", ""grantor"": ""postgres"", ""function"": ""set_first_user_as_admin"", ""privilege"": ""EXECUTE"", ""with_grant_option"": false}"
17_FUNCTION_PRIVILEGE,set_user_role,postgres,"{""grantee"": ""postgres"", ""grantor"": ""postgres"", ""function"": ""set_user_role"", ""privilege"": ""EXECUTE"", ""with_grant_option"": true}"
17_FUNCTION_PRIVILEGE,set_user_role,service_role,"{""grantee"": ""service_role"", ""grantor"": ""postgres"", ""function"": ""set_user_role"", ""privilege"": ""EXECUTE"", ""with_grant_option"": false}"
17_FUNCTION_PRIVILEGE,sync_user_coupon_is_used,postgres,"{""grantee"": ""postgres"", ""grantor"": ""postgres"", ""function"": ""sync_user_coupon_is_used"", ""privilege"": ""EXECUTE"", ""with_grant_option"": true}"
17_FUNCTION_PRIVILEGE,sync_user_coupon_is_used,service_role,"{""grantee"": ""service_role"", ""grantor"": ""postgres"", ""function"": ""sync_user_coupon_is_used"", ""privilege"": ""EXECUTE"", ""with_grant_option"": false}"
17_FUNCTION_PRIVILEGE,unblock_user,postgres,"{""grantee"": ""postgres"", ""grantor"": ""postgres"", ""function"": ""unblock_user"", ""privilege"": ""EXECUTE"", ""with_grant_option"": true}"
17_FUNCTION_PRIVILEGE,unblock_user,service_role,"{""grantee"": ""service_role"", ""grantor"": ""postgres"", ""function"": ""unblock_user"", ""privilege"": ""EXECUTE"", ""with_grant_option"": false}"
17_FUNCTION_PRIVILEGE,unverify_driver,postgres,"{""grantee"": ""postgres"", ""grantor"": ""postgres"", ""function"": ""unverify_driver"", ""privilege"": ""EXECUTE"", ""with_grant_option"": true}"
17_FUNCTION_PRIVILEGE,unverify_driver,service_role,"{""grantee"": ""service_role"", ""grantor"": ""postgres"", ""function"": ""unverify_driver"", ""privilege"": ""EXECUTE"", ""with_grant_option"": false}"
17_FUNCTION_PRIVILEGE,update_updated_at_column,authenticated,"{""grantee"": ""authenticated"", ""grantor"": ""postgres"", ""function"": ""update_updated_at_column"", ""privilege"": ""EXECUTE"", ""with_grant_option"": false}"
17_FUNCTION_PRIVILEGE,update_updated_at_column,postgres,"{""grantee"": ""postgres"", ""grantor"": ""postgres"", ""function"": ""update_updated_at_column"", ""privilege"": ""EXECUTE"", ""with_grant_option"": true}"
17_FUNCTION_PRIVILEGE,update_updated_at_column,service_role,"{""grantee"": ""service_role"", ""grantor"": ""postgres"", ""function"": ""update_updated_at_column"", ""privilege"": ""EXECUTE"", ""with_grant_option"": false}"
17_FUNCTION_PRIVILEGE,upsert_driver_location,PUBLIC,"{""grantee"": ""PUBLIC"", ""grantor"": ""postgres"", ""function"": ""upsert_driver_location"", ""privilege"": ""EXECUTE"", ""with_grant_option"": false}"
17_FUNCTION_PRIVILEGE,upsert_driver_location,anon,"{""grantee"": ""anon"", ""grantor"": ""postgres"", ""function"": ""upsert_driver_location"", ""privilege"": ""EXECUTE"", ""with_grant_option"": false}"
17_FUNCTION_PRIVILEGE,upsert_driver_location,authenticated,"{""grantee"": ""authenticated"", ""grantor"": ""postgres"", ""function"": ""upsert_driver_location"", ""privilege"": ""EXECUTE"", ""with_grant_option"": false}"
17_FUNCTION_PRIVILEGE,upsert_driver_location,authenticated,"{""grantee"": ""authenticated"", ""grantor"": ""postgres"", ""function"": ""upsert_driver_location"", ""privilege"": ""EXECUTE"", ""with_grant_option"": false}"
17_FUNCTION_PRIVILEGE,upsert_driver_location,postgres,"{""grantee"": ""postgres"", ""grantor"": ""postgres"", ""function"": ""upsert_driver_location"", ""privilege"": ""EXECUTE"", ""with_grant_option"": true}"
17_FUNCTION_PRIVILEGE,upsert_driver_location,postgres,"{""grantee"": ""postgres"", ""grantor"": ""postgres"", ""function"": ""upsert_driver_location"", ""privilege"": ""EXECUTE"", ""with_grant_option"": true}"
17_FUNCTION_PRIVILEGE,upsert_driver_location,service_role,"{""grantee"": ""service_role"", ""grantor"": ""postgres"", ""function"": ""upsert_driver_location"", ""privilege"": ""EXECUTE"", ""with_grant_option"": false}"
17_FUNCTION_PRIVILEGE,upsert_driver_location,service_role,"{""grantee"": ""service_role"", ""grantor"": ""postgres"", ""function"": ""upsert_driver_location"", ""privilege"": ""EXECUTE"", ""with_grant_option"": false}"
17_FUNCTION_PRIVILEGE,use_coupon_atomic,authenticated,"{""grantee"": ""authenticated"", ""grantor"": ""postgres"", ""function"": ""use_coupon_atomic"", ""privilege"": ""EXECUTE"", ""with_grant_option"": false}"
17_FUNCTION_PRIVILEGE,use_coupon_atomic,postgres,"{""grantee"": ""postgres"", ""grantor"": ""postgres"", ""function"": ""use_coupon_atomic"", ""privilege"": ""EXECUTE"", ""with_grant_option"": true}"
17_FUNCTION_PRIVILEGE,use_coupon_atomic,service_role,"{""grantee"": ""service_role"", ""grantor"": ""postgres"", ""function"": ""use_coupon_atomic"", ""privilege"": ""EXECUTE"", ""with_grant_option"": false}"
17_FUNCTION_PRIVILEGE,validate_coupon,authenticated,"{""grantee"": ""authenticated"", ""grantor"": ""postgres"", ""function"": ""validate_coupon"", ""privilege"": ""EXECUTE"", ""with_grant_option"": false}"
17_FUNCTION_PRIVILEGE,validate_coupon,postgres,"{""grantee"": ""postgres"", ""grantor"": ""postgres"", ""function"": ""validate_coupon"", ""privilege"": ""EXECUTE"", ""with_grant_option"": true}"
17_FUNCTION_PRIVILEGE,validate_coupon,service_role,"{""grantee"": ""service_role"", ""grantor"": ""postgres"", ""function"": ""validate_coupon"", ""privilege"": ""EXECUTE"", ""with_grant_option"": false}"
17_FUNCTION_PRIVILEGE,validate_trip_price,authenticated,"{""grantee"": ""authenticated"", ""grantor"": ""postgres"", ""function"": ""validate_trip_price"", ""privilege"": ""EXECUTE"", ""with_grant_option"": false}"
17_FUNCTION_PRIVILEGE,validate_trip_price,postgres,"{""grantee"": ""postgres"", ""grantor"": ""postgres"", ""function"": ""validate_trip_price"", ""privilege"": ""EXECUTE"", ""with_grant_option"": true}"
17_FUNCTION_PRIVILEGE,validate_trip_price,service_role,"{""grantee"": ""service_role"", ""grantor"": ""postgres"", ""function"": ""validate_trip_price"", ""privilege"": ""EXECUTE"", ""with_grant_option"": false}"
17_FUNCTION_PRIVILEGE,validate_trip_price_on_insert,postgres,"{""grantee"": ""postgres"", ""grantor"": ""postgres"", ""function"": ""validate_trip_price_on_insert"", ""privilege"": ""EXECUTE"", ""with_grant_option"": true}"
17_FUNCTION_PRIVILEGE,validate_trip_price_on_insert,service_role,"{""grantee"": ""service_role"", ""grantor"": ""postgres"", ""function"": ""validate_trip_price_on_insert"", ""privilege"": ""EXECUTE"", ""with_grant_option"": false}"
17_FUNCTION_PRIVILEGE,validate_trip_status_transition,postgres,"{""grantee"": ""postgres"", ""grantor"": ""postgres"", ""function"": ""validate_trip_status_transition"", ""privilege"": ""EXECUTE"", ""with_grant_option"": true}"
17_FUNCTION_PRIVILEGE,validate_trip_status_transition,service_role,"{""grantee"": ""service_role"", ""grantor"": ""postgres"", ""function"": ""validate_trip_status_transition"", ""privilege"": ""EXECUTE"", ""with_grant_option"": false}"
17_FUNCTION_PRIVILEGE,verify_driver,postgres,"{""grantee"": ""postgres"", ""grantor"": ""postgres"", ""function"": ""verify_driver"", ""privilege"": ""EXECUTE"", ""with_grant_option"": true}"
17_FUNCTION_PRIVILEGE,verify_driver,service_role,"{""grantee"": ""service_role"", ""grantor"": ""postgres"", ""function"": ""verify_driver"", ""privilege"": ""EXECUTE"", ""with_grant_option"": false}"
05_COLUMN,drivers_profile,current_lng,"{""type"": {""udt_name"": ""numeric"", ""data_type"": ""numeric"", ""numeric_scale"": 8, ""char_max_length"": null, ""numeric_precision"": 11}, ""default"": null, ""identity"": null, ""nullable"": true, ""position"": 18, ""generated"": null, ""statistics"": {""correlation"": 1.0000, ""avg_width_bytes"": 8, ""distinct_values"": -0.67, ""null_fraction_pct"": 33.33, ""most_common_values"": null}, ""description"": null}"
05_COLUMN,trips,started_at,"{""type"": {""udt_name"": ""timestamptz"", ""data_type"": ""timestamp with time zone"", ""numeric_scale"": null, ""char_max_length"": null, ""numeric_precision"": null}, ""default"": null, ""identity"": null, ""nullable"": true, ""position"": 18, ""generated"": null, ""statistics"": {""correlation"": 1.0000, ""avg_width_bytes"": 8, ""distinct_values"": -0.03, ""null_fraction_pct"": 96.55, ""most_common_values"": null}, ""description"": null}"
05_COLUMN,drivers_profile,updated_at,"{""type"": {""udt_name"": ""timestamptz"", ""data_type"": ""timestamp with time zone"", ""numeric_scale"": null, ""char_max_length"": null, ""numeric_precision"": null}, ""default"": ""now()"", ""identity"": null, ""nullable"": false, ""position"": 19, ""generated"": null, ""statistics"": {""correlation"": 0.5000, ""avg_width_bytes"": 8, ""distinct_values"": -1.00, ""null_fraction_pct"": 0.00, ""most_common_values"": null}, ""description"": null}"
05_COLUMN,trips,completed_at,"{""type"": {""udt_name"": ""timestamptz"", ""data_type"": ""timestamp with time zone"", ""numeric_scale"": null, ""char_max_length"": null, ""numeric_precision"": null}, ""default"": null, ""identity"": null, ""nullable"": true, ""position"": 19, ""generated"": null, ""statistics"": {""correlation"": 1.0000, ""avg_width_bytes"": 8, ""distinct_values"": -0.03, ""null_fraction_pct"": 96.55, ""most_common_values"": null}, ""description"": null}"
19_STORAGE_ANALYSIS,admin_logs,io_stats,"{""heap_blocks"": {""hit"": 0, ""read"": 0, ""hit_ratio"": 100.0}, ""index_blocks"": {""hit"": 99, ""read"": 6}, ""toast_blocks"": {""hit"": 0, ""read"": 0}}"
19_STORAGE_ANALYSIS,complaints,io_stats,"{""heap_blocks"": {""hit"": 0, ""read"": 0, ""hit_ratio"": 100.0}, ""index_blocks"": {""hit"": 214, ""read"": 2}, ""toast_blocks"": {""hit"": 0, ""read"": 0}}"
19_STORAGE_ANALYSIS,coupon_usages,io_stats,"{""heap_blocks"": {""hit"": 0, ""read"": 0, ""hit_ratio"": 100.0}, ""index_blocks"": {""hit"": 22, ""read"": 3}, ""toast_blocks"": {""hit"": 0, ""read"": 0}}"
19_STORAGE_ANALYSIS,coupons,io_stats,"{""heap_blocks"": {""hit"": 0, ""read"": 0, ""hit_ratio"": 100.0}, ""index_blocks"": {""hit"": 879, ""read"": 6}, ""toast_blocks"": {""hit"": 0, ""read"": 0}}"
19_STORAGE_ANALYSIS,driver_locations,io_stats,"{""heap_blocks"": {""hit"": 3686, ""read"": 0, ""hit_ratio"": 100.00}, ""index_blocks"": {""hit"": 4454, ""read"": 8}, ""toast_blocks"": {""hit"": 0, ""read"": 0}}"
19_STORAGE_ANALYSIS,driver_revision_requests,io_stats,"{""heap_blocks"": {""hit"": 0, ""read"": 0, ""hit_ratio"": 100.0}, ""index_blocks"": {""hit"": 106, ""read"": 2}, ""toast_blocks"": {""hit"": 0, ""read"": 0}}"
19_STORAGE_ANALYSIS,driver_wallets,io_stats,"{""heap_blocks"": {""hit"": 29, ""read"": 0, ""hit_ratio"": 100.00}, ""index_blocks"": {""hit"": 43, ""read"": 1}, ""toast_blocks"": {""hit"": 0, ""read"": 0}}"
19_STORAGE_ANALYSIS,drivers_profile,io_stats,"{""heap_blocks"": {""hit"": 21480, ""read"": 0, ""hit_ratio"": 100.00}, ""index_blocks"": {""hit"": 16902, ""read"": 9}, ""toast_blocks"": {""hit"": 0, ""read"": 0}}"
19_STORAGE_ANALYSIS,messages,io_stats,"{""heap_blocks"": {""hit"": 0, ""read"": 0, ""hit_ratio"": 100.0}, ""index_blocks"": {""hit"": 29, ""read"": 5}, ""toast_blocks"": {""hit"": 0, ""read"": 0}}"
19_STORAGE_ANALYSIS,notifications,io_stats,"{""heap_blocks"": {""hit"": 0, ""read"": 0, ""hit_ratio"": 100.0}, ""index_blocks"": {""hit"": 1179, ""read"": 7}, ""toast_blocks"": {""hit"": 0, ""read"": 0}}"
19_STORAGE_ANALYSIS,pricing_config,io_stats,"{""heap_blocks"": {""hit"": 43, ""read"": 0, ""hit_ratio"": 100.00}, ""index_blocks"": {""hit"": 91, ""read"": 4}, ""toast_blocks"": {""hit"": 0, ""read"": 0}}"
19_STORAGE_ANALYSIS,ratings,io_stats,"{""heap_blocks"": {""hit"": 94, ""read"": 0, ""hit_ratio"": 100.00}, ""index_blocks"": {""hit"": 259, ""read"": 8}, ""toast_blocks"": {""hit"": 0, ""read"": 0}}"
19_STORAGE_ANALYSIS,support_messages,io_stats,"{""heap_blocks"": {""hit"": 19, ""read"": 0, ""hit_ratio"": 100.00}, ""index_blocks"": {""hit"": 64, ""read"": 4}, ""toast_blocks"": {""hit"": 0, ""read"": 0}}"
19_STORAGE_ANALYSIS,trip_offers,io_stats,"{""heap_blocks"": {""hit"": 957, ""read"": 0, ""hit_ratio"": 100.00}, ""index_blocks"": {""hit"": 3378, ""read"": 12}, ""toast_blocks"": {""hit"": 0, ""read"": 0}}"
19_STORAGE_ANALYSIS,trips,io_stats,"{""heap_blocks"": {""hit"": 5658, ""read"": 0, ""hit_ratio"": 100.00}, ""index_blocks"": {""hit"": 15004, ""read"": 17}, ""toast_blocks"": {""hit"": 0, ""read"": 0}}"
19_STORAGE_ANALYSIS,user_coupons,io_stats,"{""heap_blocks"": {""hit"": 0, ""read"": 0, ""hit_ratio"": 100.0}, ""index_blocks"": {""hit"": 1045, ""read"": 7}, ""toast_blocks"": {""hit"": 0, ""read"": 0}}"
19_STORAGE_ANALYSIS,user_presence,io_stats,"{""heap_blocks"": {""hit"": 127032, ""read"": 0, ""hit_ratio"": 100.00}, ""index_blocks"": {""hit"": 59261, ""read"": 3}, ""toast_blocks"": {""hit"": 0, ""read"": 0}}"
19_STORAGE_ANALYSIS,user_wallets,io_stats,"{""heap_blocks"": {""hit"": 11, ""read"": 0, ""hit_ratio"": 100.00}, ""index_blocks"": {""hit"": 10, ""read"": 1}, ""toast_blocks"": {""hit"": 0, ""read"": 0}}"
19_STORAGE_ANALYSIS,users,io_stats,"{""heap_blocks"": {""hit"": 10036, ""read"": 0, ""hit_ratio"": 100.00}, ""index_blocks"": {""hit"": 9294, ""read"": 13}, ""toast_blocks"": {""hit"": 0, ""read"": 0}}"
19_STORAGE_ANALYSIS,vehicle_types,io_stats,"{""heap_blocks"": {""hit"": 480, ""read"": 0, ""hit_ratio"": 100.00}, ""index_blocks"": {""hit"": 416, ""read"": 6}, ""toast_blocks"": {""hit"": 0, ""read"": 0}}"
19_STORAGE_ANALYSIS,wallet_transactions,io_stats,"{""heap_blocks"": {""hit"": 0, ""read"": 0, ""hit_ratio"": 100.0}, ""index_blocks"": {""hit"": 0, ""read"": 0}, ""toast_blocks"": {""hit"": 0, ""read"": 0}}"
19_STORAGE_ANALYSIS,withdrawal_requests,io_stats,"{""heap_blocks"": {""hit"": 0, ""read"": 0, ""hit_ratio"": 100.0}, ""index_blocks"": {""hit"": 0, ""read"": 0}, ""toast_blocks"": {""hit"": 0, ""read"": 0}}"
05_COLUMN,drivers_profile,geohash5,"{""type"": {""udt_name"": ""text"", ""data_type"": ""text"", ""numeric_scale"": null, ""char_max_length"": null, ""numeric_precision"": null}, ""default"": null, ""identity"": null, ""nullable"": true, ""position"": 20, ""generated"": null, ""statistics"": {""correlation"": 0.0000, ""avg_width_bytes"": 6, ""distinct_values"": -0.33, ""null_fraction_pct"": 66.67, ""most_common_values"": null}, ""description"": null}"
05_COLUMN,trips,geohash,"{""type"": {""udt_name"": ""varchar"", ""data_type"": ""character varying"", ""numeric_scale"": null, ""char_max_length"": 20, ""numeric_precision"": null}, ""default"": null, ""identity"": null, ""nullable"": true, ""position"": 20, ""generated"": null, ""statistics"": {""correlation"": 1.0000, ""avg_width_bytes"": 7, ""distinct_values"": 2.00, ""null_fraction_pct"": 0.00, ""most_common_values"": ""{stq5rx,stq4yv}""}, ""description"": null}"
20_SECURITY_AUDIT,admin_logs,security_status,"{""rls"": {""forced"": false, ""enabled"": true, ""policy_count"": 2}, ""grants"": {""role_count"": 4, ""has_public_access"": false}, ""recommendations"": ""✅ Security configured""}"
20_SECURITY_AUDIT,complaints,security_status,"{""rls"": {""forced"": false, ""enabled"": true, ""policy_count"": 4}, ""grants"": {""role_count"": 4, ""has_public_access"": false}, ""recommendations"": ""✅ Security configured""}"
20_SECURITY_AUDIT,coupon_usages,security_status,"{""rls"": {""forced"": false, ""enabled"": true, ""policy_count"": 5}, ""grants"": {""role_count"": 4, ""has_public_access"": false}, ""recommendations"": ""✅ Security configured""}"
20_SECURITY_AUDIT,coupons,security_status,"{""rls"": {""forced"": false, ""enabled"": true, ""policy_count"": 2}, ""grants"": {""role_count"": 4, ""has_public_access"": false}, ""recommendations"": ""✅ Security configured""}"
20_SECURITY_AUDIT,driver_locations,security_status,"{""rls"": {""forced"": false, ""enabled"": true, ""policy_count"": 7}, ""grants"": {""role_count"": 4, ""has_public_access"": false}, ""recommendations"": ""✅ Security configured""}"
20_SECURITY_AUDIT,driver_revision_requests,security_status,"{""rls"": {""forced"": false, ""enabled"": true, ""policy_count"": 3}, ""grants"": {""role_count"": 4, ""has_public_access"": false}, ""recommendations"": ""✅ Security configured""}"
20_SECURITY_AUDIT,driver_wallets,security_status,"{""rls"": {""forced"": false, ""enabled"": true, ""policy_count"": 3}, ""grants"": {""role_count"": 4, ""has_public_access"": false}, ""recommendations"": ""✅ Security configured""}"
20_SECURITY_AUDIT,drivers_profile,security_status,"{""rls"": {""forced"": false, ""enabled"": true, ""policy_count"": 10}, ""grants"": {""role_count"": 4, ""has_public_access"": false}, ""recommendations"": ""✅ Security configured""}"
20_SECURITY_AUDIT,messages,security_status,"{""rls"": {""forced"": false, ""enabled"": true, ""policy_count"": 6}, ""grants"": {""role_count"": 4, ""has_public_access"": false}, ""recommendations"": ""✅ Security configured""}"
20_SECURITY_AUDIT,notifications,security_status,"{""rls"": {""forced"": false, ""enabled"": true, ""policy_count"": 5}, ""grants"": {""role_count"": 4, ""has_public_access"": false}, ""recommendations"": ""✅ Security configured""}"
20_SECURITY_AUDIT,pricing_config,security_status,"{""rls"": {""forced"": false, ""enabled"": true, ""policy_count"": 2}, ""grants"": {""role_count"": 4, ""has_public_access"": false}, ""recommendations"": ""✅ Security configured""}"
20_SECURITY_AUDIT,ratings,security_status,"{""rls"": {""forced"": false, ""enabled"": true, ""policy_count"": 6}, ""grants"": {""role_count"": 4, ""has_public_access"": false}, ""recommendations"": ""✅ Security configured""}"
20_SECURITY_AUDIT,support_messages,security_status,"{""rls"": {""forced"": false, ""enabled"": true, ""policy_count"": 4}, ""grants"": {""role_count"": 4, ""has_public_access"": false}, ""recommendations"": ""✅ Security configured""}"
20_SECURITY_AUDIT,trip_offers,security_status,"{""rls"": {""forced"": false, ""enabled"": true, ""policy_count"": 5}, ""grants"": {""role_count"": 4, ""has_public_access"": false}, ""recommendations"": ""✅ Security configured""}"
20_SECURITY_AUDIT,trips,security_status,"{""rls"": {""forced"": false, ""enabled"": true, ""policy_count"": 10}, ""grants"": {""role_count"": 4, ""has_public_access"": false}, ""recommendations"": ""✅ Security configured""}"
20_SECURITY_AUDIT,user_coupons,security_status,"{""rls"": {""forced"": false, ""enabled"": true, ""policy_count"": 6}, ""grants"": {""role_count"": 4, ""has_public_access"": false}, ""recommendations"": ""✅ Security configured""}"
20_SECURITY_AUDIT,user_presence,security_status,"{""rls"": {""forced"": false, ""enabled"": true, ""policy_count"": 2}, ""grants"": {""role_count"": 4, ""has_public_access"": false}, ""recommendations"": ""✅ Security configured""}"
20_SECURITY_AUDIT,user_wallets,security_status,"{""rls"": {""forced"": false, ""enabled"": true, ""policy_count"": 3}, ""grants"": {""role_count"": 4, ""has_public_access"": false}, ""recommendations"": ""✅ Security configured""}"
20_SECURITY_AUDIT,users,security_status,"{""rls"": {""forced"": false, ""enabled"": true, ""policy_count"": 9}, ""grants"": {""role_count"": 4, ""has_public_access"": false}, ""recommendations"": ""✅ Security configured""}"
20_SECURITY_AUDIT,vehicle_types,security_status,"{""rls"": {""forced"": false, ""enabled"": true, ""policy_count"": 2}, ""grants"": {""role_count"": 4, ""has_public_access"": false}, ""recommendations"": ""✅ Security configured""}"
20_SECURITY_AUDIT,wallet_transactions,security_status,"{""rls"": {""forced"": false, ""enabled"": true, ""policy_count"": 3}, ""grants"": {""role_count"": 4, ""has_public_access"": false}, ""recommendations"": ""✅ Security configured""}"
20_SECURITY_AUDIT,withdrawal_requests,security_status,"{""rls"": {""forced"": false, ""enabled"": true, ""policy_count"": 4}, ""grants"": {""role_count"": 4, ""has_public_access"": false}, ""recommendations"": ""✅ Security configured""}"
05_COLUMN,trips,meeting_lat,"{""type"": {""udt_name"": ""numeric"", ""data_type"": ""numeric"", ""numeric_scale"": 8, ""char_max_length"": null, ""numeric_precision"": 10}, ""default"": null, ""identity"": null, ""nullable"": true, ""position"": 21, ""generated"": null, ""statistics"": {""correlation"": 0.0000, ""avg_width_bytes"": 0, ""distinct_values"": 0.00, ""null_fraction_pct"": 100.00, ""most_common_values"": null}, ""description"": null}"
05_COLUMN,trips,meeting_lng,"{""type"": {""udt_name"": ""numeric"", ""data_type"": ""numeric"", ""numeric_scale"": 8, ""char_max_length"": null, ""numeric_precision"": 11}, ""default"": null, ""identity"": null, ""nullable"": true, ""position"": 22, ""generated"": null, ""statistics"": {""correlation"": 0.0000, ""avg_width_bytes"": 0, ""distinct_values"": 0.00, ""null_fraction_pct"": 100.00, ""most_common_values"": null}, ""description"": null}"
05_COLUMN,trips,meeting_address,"{""type"": {""udt_name"": ""text"", ""data_type"": ""text"", ""numeric_scale"": null, ""char_max_length"": null, ""numeric_precision"": null}, ""default"": null, ""identity"": null, ""nullable"": true, ""position"": 23, ""generated"": null, ""statistics"": {""correlation"": 0.0000, ""avg_width_bytes"": 0, ""distinct_values"": 0.00, ""null_fraction_pct"": 100.00, ""most_common_values"": null}, ""description"": null}"
05_COLUMN,trips,final_price,"{""type"": {""udt_name"": ""numeric"", ""data_type"": ""numeric"", ""numeric_scale"": 2, ""char_max_length"": null, ""numeric_precision"": 10}, ""default"": null, ""identity"": null, ""nullable"": true, ""position"": 26, ""generated"": null, ""statistics"": {""correlation"": 0.0000, ""avg_width_bytes"": 0, ""distinct_values"": 0.00, ""null_fraction_pct"": 100.00, ""most_common_values"": null}, ""description"": null}"
05_COLUMN,trips,user_rating_to_driver,"{""type"": {""udt_name"": ""numeric"", ""data_type"": ""numeric"", ""numeric_scale"": 2, ""char_max_length"": null, ""numeric_precision"": 3}, ""default"": null, ""identity"": null, ""nullable"": true, ""position"": 27, ""generated"": null, ""statistics"": {""correlation"": 0.0000, ""avg_width_bytes"": 5, ""distinct_values"": -0.02, ""null_fraction_pct"": 98.28, ""most_common_values"": null}, ""description"": null}"
05_COLUMN,trips,driver_rating_to_user,"{""type"": {""udt_name"": ""numeric"", ""data_type"": ""numeric"", ""numeric_scale"": 2, ""char_max_length"": null, ""numeric_precision"": 3}, ""default"": null, ""identity"": null, ""nullable"": true, ""position"": 28, ""generated"": null, ""statistics"": {""correlation"": 0.0000, ""avg_width_bytes"": 0, ""distinct_values"": 0.00, ""null_fraction_pct"": 100.00, ""most_common_values"": null}, ""description"": null}"
05_COLUMN,trips,cancelled_at,"{""type"": {""udt_name"": ""timestamptz"", ""data_type"": ""timestamp with time zone"", ""numeric_scale"": null, ""char_max_length"": null, ""numeric_precision"": null}, ""default"": null, ""identity"": null, ""nullable"": true, ""position"": 29, ""generated"": null, ""statistics"": {""correlation"": 0.9948, ""avg_width_bytes"": 8, ""distinct_values"": -0.88, ""null_fraction_pct"": 12.07, ""most_common_values"": null}, ""description"": null}"
05_COLUMN,trips,cancel_reason,"{""type"": {""udt_name"": ""text"", ""data_type"": ""text"", ""numeric_scale"": null, ""char_max_length"": null, ""numeric_precision"": null}, ""default"": null, ""identity"": null, ""nullable"": true, ""position"": 30, ""generated"": null, ""statistics"": {""correlation"": 1.0000, ""avg_width_bytes"": 8, ""distinct_values"": 1.00, ""null_fraction_pct"": 81.03, ""most_common_values"": ""{timeout}""}, ""description"": null}"
05_COLUMN,trips,cancelled_by,"{""type"": {""udt_name"": ""varchar"", ""data_type"": ""character varying"", ""numeric_scale"": null, ""char_max_length"": 20, ""numeric_precision"": null}, ""default"": null, ""identity"": null, ""nullable"": true, ""position"": 31, ""generated"": null, ""statistics"": {""correlation"": 0.5204, ""avg_width_bytes"": 5, ""distinct_values"": 2.00, ""null_fraction_pct"": 18.97, ""most_common_values"": ""{user,system}""}, ""description"": null}"
05_COLUMN,trips,updated_at,"{""type"": {""udt_name"": ""timestamptz"", ""data_type"": ""timestamp with time zone"", ""numeric_scale"": null, ""char_max_length"": null, ""numeric_precision"": null}, ""default"": ""now()"", ""identity"": null, ""nullable"": true, ""position"": 32, ""generated"": null, ""statistics"": {""correlation"": 0.9978, ""avg_width_bytes"": 8, ""distinct_values"": -0.88, ""null_fraction_pct"": 0.00, ""most_common_values"": ""{\""2026-05-02 16:08:03.203939+00\""}""}, ""description"": null}"
05_COLUMN,trips,driver_earnings,"{""type"": {""udt_name"": ""numeric"", ""data_type"": ""numeric"", ""numeric_scale"": 2, ""char_max_length"": null, ""numeric_precision"": 12}, ""default"": null, ""identity"": null, ""nullable"": true, ""position"": 33, ""generated"": null, ""statistics"": {""correlation"": 0.0000, ""avg_width_bytes"": 0, ""distinct_values"": 0.00, ""null_fraction_pct"": 0.00, ""most_common_values"": null}, ""description"": null}"
05_COLUMN,trips,platform_commission,"{""type"": {""udt_name"": ""numeric"", ""data_type"": ""numeric"", ""numeric_scale"": 2, ""char_max_length"": null, ""numeric_precision"": 12}, ""default"": null, ""identity"": null, ""nullable"": true, ""position"": 34, ""generated"": null, ""statistics"": {""correlation"": 0.0000, ""avg_width_bytes"": 0, ""distinct_values"": 0.00, ""null_fraction_pct"": 0.00, ""most_common_values"": null}, ""description"": null}"
05_COLUMN,trips,coupon_discount,"{""type"": {""udt_name"": ""numeric"", ""data_type"": ""numeric"", ""numeric_scale"": 2, ""char_max_length"": null, ""numeric_precision"": 12}, ""default"": ""0"", ""identity"": null, ""nullable"": true, ""position"": 35, ""generated"": null, ""statistics"": {""correlation"": 0.0000, ""avg_width_bytes"": 0, ""distinct_values"": 0.00, ""null_fraction_pct"": 0.00, ""most_common_values"": null}, ""description"": null}"
05_COLUMN,trips,payment_source,"{""type"": {""udt_name"": ""varchar"", ""data_type"": ""character varying"", ""numeric_scale"": null, ""char_max_length"": 20, ""numeric_precision"": null}, ""default"": ""'cash'::character varying"", ""identity"": null, ""nullable"": true, ""position"": 36, ""generated"": null, ""statistics"": {""correlation"": 0.0000, ""avg_width_bytes"": 0, ""distinct_values"": 0.00, ""null_fraction_pct"": 0.00, ""most_common_values"": null}, ""description"": null}"